return_id,order_item_id,order_id,return_date,return_qty,return_reason,refund_amount,return_status
R900001,OI1,O500001,2025-01-30,1,Not as Described,32.5,Refunded
R900002,OI2,O500001,2025-01-13,1,Wrong Size,17.72,Refunded
R900003,OI10,O500006,2025-02-14,2,Wrong Size,81.29,Refunded
R900004,OI14,O500008,2025-04-20,1,Not as Described,39.24,Refunded
R900005,OI15,O500009,2025-04-29,1,Changed Mind,28.4,Refunded
R900006,OI22,O500011,2024-03-05,1,Changed Mind,79.81,Refunded
R900007,OI24,O500012,2025-02-01,1,Wrong Size,18.69,Refunded
R900008,OI58,O500029,2024-02-04,1,Changed Mind,37.94,Refunded
R900009,OI63,O500032,2025-02-21,1,Changed Mind,19.21,Refunded
R900010,OI84,O500046,2025-06-03,1,Wrong Size,40.63,Refunded
R900011,OI95,O500052,2025-05-28,1,Defective,89.34,Refunded
R900012,OI135,O500074,2024-02-17,1,Changed Mind,79.44,Refunded
R900013,OI154,O500084,2024-04-16,1,Damaged,135.58,Refunded
R900014,OI164,O500087,2025-03-08,1,Not as Described,144.92,Refunded
R900015,OI183,O500095,2024-03-12,1,Wrong Size,75.15,Refunded
R900016,OI189,O500098,2024-02-25,1,Changed Mind,40.12,Refunded
R900017,OI190,O500099,2024-06-05,1,Changed Mind,42.43,Refunded
R900018,OI197,O500102,2024-12-20,1,Wrong Size,40.5,Refunded
R900019,OI202,O500104,2025-03-12,1,Changed Mind,127.54,Refunded
R900020,OI203,O500104,2025-02-13,1,Wrong Size,108.89,Refunded
R900021,OI206,O500106,2024-04-16,1,Changed Mind,116.43,Refunded
R900022,OI211,O500108,2024-11-10,2,Changed Mind,142.58,Refunded
R900023,OI228,O500119,2025-06-24,1,Changed Mind,35.62,Refunded
R900024,OI240,O500126,2024-03-17,1,Changed Mind,59.76,Refunded
R900025,OI288,O500154,2024-10-06,1,Changed Mind,77.87,Refunded
R900026,OI310,O500167,2025-06-02,1,Late Delivery,122.74,Refunded
R900027,OI311,O500168,2024-02-01,1,Wrong Size,35.5,Refunded
R900028,OI345,O500184,2024-10-13,1,Wrong Size,21.02,Refunded
R900029,OI347,O500185,2025-06-07,1,Late Delivery,36.33,Refunded
R900030,OI352,O500188,2025-01-13,1,Not as Described,33.15,Refunded
R900031,OI387,O500204,2025-01-08,1,Late Delivery,18.3,Refunded
R900032,OI404,O500214,2025-02-09,1,Damaged,41.21,Refunded
R900033,OI424,O500224,2025-08-01,1,Changed Mind,44.52,Refunded
R900034,OI442,O500233,2024-03-24,1,Defective,33.07,Refunded
R900035,OI444,O500234,2024-09-23,1,Defective,38.32,Refunded
R900036,OI453,O500238,2024-02-03,1,Damaged,32.92,Refunded
R900037,OI476,O500253,2024-04-03,1,Defective,20.94,Refunded
R900038,OI481,O500255,2025-06-03,1,Changed Mind,76.49,Refunded
R900039,OI491,O500260,2025-07-17,1,Changed Mind,79.52,Refunded
R900040,OI520,O500276,2025-06-27,1,Changed Mind,90.92,Refunded
R900041,OI543,O500290,2024-07-15,1,Not as Described,77.74,Refunded
R900042,OI569,O500304,2024-12-15,1,Changed Mind,30.2,Refunded
R900043,OI579,O500309,2025-02-05,1,Wrong Size,40.95,Refunded
R900044,OI584,O500311,2024-04-05,1,Changed Mind,29.05,Refunded
R900045,OI591,O500315,2024-12-02,1,Changed Mind,23.87,Refunded
R900046,OI614,O500328,2025-07-10,1,Late Delivery,169.55,Refunded
R900047,OI615,O500329,2024-11-22,1,Defective,20.69,Refunded
R900048,OI629,O500337,2024-09-05,1,Damaged,84.65,Refunded
R900049,OI639,O500342,2025-07-28,1,Changed Mind,36.22,Refunded
R900050,OI643,O500343,2024-01-20,1,Defective,130.89,Refunded
R900051,OI672,O500359,2024-04-17,1,Damaged,29.24,Refunded
R900052,OI676,O500361,2024-07-04,1,Changed Mind,90.73,Refunded
R900053,OI677,O500362,2024-07-22,1,Wrong Size,79.52,Refunded
R900054,OI680,O500365,2024-11-27,1,Changed Mind,59.57,Refunded
R900055,OI700,O500375,2024-04-17,1,Changed Mind,40.74,Refunded
R900056,OI714,O500381,2025-07-04,1,Wrong Size,42.26,Refunded
R900057,OI720,O500384,2025-03-27,1,Changed Mind,98.4,Refunded
R900058,OI763,O500410,2024-07-25,1,Changed Mind,77.25,Refunded
R900059,OI779,O500419,2025-05-15,1,Wrong Size,22.86,Refunded
R900060,OI782,O500420,2024-10-01,1,Changed Mind,41.09,Refunded
R900061,OI819,O500438,2025-04-17,1,Not as Described,18.06,Refunded
R900062,OI831,O500445,2024-02-26,1,Changed Mind,68.37,Refunded
R900063,OI843,O500451,2025-03-07,1,Late Delivery,71.78,Refunded
R900064,OI868,O500464,2024-07-12,1,Defective,18.0,Refunded
R900065,OI906,O500486,2025-01-03,1,Wrong Size,41.49,Refunded
R900066,OI917,O500493,2024-06-23,1,Defective,39.35,Refunded
R900067,OI918,O500494,2024-10-19,1,Not as Described,105.12,Refunded
R900068,OI936,O500507,2024-09-09,1,Defective,94.19,Refunded
R900069,OI966,O500524,2024-11-17,1,Not as Described,95.14,Refunded
R900070,OI971,O500528,2025-02-05,1,Damaged,146.29,Refunded
R900071,OI987,O500535,2025-07-06,1,Changed Mind,37.48,Refunded
R900072,OI990,O500536,2024-03-31,1,Changed Mind,32.01,Refunded
R900073,OI992,O500537,2024-11-14,1,Wrong Size,149.62,Refunded
R900074,OI1005,O500542,2024-08-05,1,Late Delivery,85.43,Refunded
R900075,OI1007,O500543,2024-09-30,1,Changed Mind,38.79,Refunded
R900076,OI1011,O500545,2025-06-18,1,Damaged,18.8,Refunded
R900077,OI1048,O500567,2024-05-12,1,Not as Described,158.25,Refunded
R900078,OI1069,O500578,2025-05-29,1,Damaged,28.8,Refunded
R900079,OI1076,O500583,2025-01-25,1,Defective,86.68,Refunded
R900080,OI1077,O500584,2025-06-28,1,Not as Described,149.63,Refunded
R900081,OI1090,O500593,2024-04-21,1,Changed Mind,33.65,Refunded
R900082,OI1091,O500593,2024-05-13,1,Damaged,140.21,Refunded
R900083,OI1100,O500598,2024-12-06,1,Wrong Size,37.35,Refunded
R900084,OI1110,O500603,2024-02-11,1,Changed Mind,116.21,Refunded
R900085,OI1116,O500604,2024-02-10,1,Damaged,144.8,Refunded
R900086,OI1130,O500613,2025-01-06,1,Damaged,15.39,Refunded
R900087,OI1136,O500617,2025-06-29,1,Damaged,32.41,Refunded
R900088,OI1138,O500618,2024-12-26,1,Not as Described,28.15,Refunded
R900089,OI1148,O500626,2024-03-13,1,Defective,84.68,Refunded
R900090,OI1173,O500640,2024-04-15,1,Wrong Size,127.78,Refunded
R900091,OI1178,O500642,2025-04-21,1,Changed Mind,28.44,Refunded
R900092,OI1205,O500654,2025-03-31,1,Changed Mind,85.44,Refunded
R900093,OI1219,O500661,2025-03-31,1,Late Delivery,57.61,Refunded
R900094,OI1222,O500663,2024-08-31,1,Not as Described,74.87,Refunded
R900095,OI1247,O500678,2025-01-15,1,Changed Mind,122.8,Refunded
R900096,OI1262,O500684,2025-06-14,1,Damaged,35.55,Refunded
R900097,OI1268,O500686,2024-03-10,1,Not as Described,55.94,Refunded
R900098,OI1269,O500687,2025-01-28,1,Changed Mind,21.2,Refunded
R900099,OI1290,O500698,2024-10-07,1,Not as Described,36.72,Refunded
R900100,OI1301,O500703,2025-03-08,1,Changed Mind,54.29,Refunded
R900101,OI1317,O500711,2024-12-22,1,Not as Described,87.23,Refunded
R900102,OI1333,O500721,2024-06-15,1,Not as Described,82.43,Refunded
R900103,OI1340,O500726,2025-01-27,1,Changed Mind,75.11,Refunded
R900104,OI1343,O500728,2024-03-31,2,Wrong Size,74.02,Refunded
R900105,OI1347,O500730,2024-11-22,1,Changed Mind,41.02,Refunded
R900106,OI1401,O500761,2025-03-09,1,Damaged,100.38,Refunded
R900107,OI1405,O500763,2025-06-10,1,Not as Described,69.65,Refunded
R900108,OI1425,O500771,2025-01-24,1,Wrong Size,28.16,Refunded
R900109,OI1427,O500772,2025-02-17,1,Changed Mind,38.35,Refunded
R900110,OI1441,O500778,2025-01-22,1,Damaged,31.99,Refunded
R900111,OI1444,O500780,2025-01-15,1,Changed Mind,112.39,Refunded
R900112,OI1445,O500781,2025-07-20,1,Changed Mind,32.18,Refunded
R900113,OI1447,O500782,2024-02-15,1,Damaged,25.02,Refunded
R900114,OI1457,O500787,2024-11-27,1,Damaged,20.7,Refunded
R900115,OI1464,O500790,2025-07-10,1,Not as Described,140.9,Refunded
R900116,OI1480,O500797,2024-11-12,1,Wrong Size,34.85,Refunded
R900117,OI1490,O500802,2025-04-13,1,Wrong Size,19.34,Refunded
R900118,OI1493,O500803,2025-06-26,1,Not as Described,24.71,Refunded
R900119,OI1505,O500810,2025-02-22,2,Changed Mind,45.65,Refunded
R900120,OI1507,O500811,2025-06-25,1,Changed Mind,75.5,Refunded
R900121,OI1512,O500813,2024-09-11,1,Changed Mind,141.3,Refunded
R900122,OI1523,O500819,2024-11-15,1,Changed Mind,136.85,Refunded
R900123,OI1527,O500820,2024-12-17,1,Defective,40.99,Refunded
R900124,OI1549,O500835,2025-05-21,1,Late Delivery,37.9,Refunded
R900125,OI1585,O500856,2024-05-04,1,Late Delivery,39.34,Refunded
R900126,OI1631,O500880,2024-12-23,1,Wrong Size,76.8,Refunded
R900127,OI1643,O500887,2024-02-16,1,Wrong Size,48.55,Refunded
R900128,OI1653,O500893,2024-11-17,1,Changed Mind,32.97,Refunded
R900129,OI1654,O500894,2025-01-30,1,Changed Mind,97.19,Refunded
R900130,OI1688,O500913,2025-06-08,1,Wrong Size,24.36,Refunded
R900131,OI1711,O500924,2025-07-03,1,Not as Described,55.82,Refunded
R900132,OI1712,O500925,2024-02-22,1,Changed Mind,34.47,Refunded
R900133,OI1725,O500933,2024-09-03,1,Wrong Size,60.3,Refunded
R900134,OI1737,O500938,2024-11-05,1,Wrong Size,39.51,Refunded
R900135,OI1739,O500939,2024-10-13,1,Wrong Size,19.04,Refunded
R900136,OI1747,O500945,2024-02-02,3,Changed Mind,394.35,Refunded
R900137,OI1755,O500948,2024-11-21,1,Changed Mind,29.61,Refunded
R900138,OI1770,O500954,2025-08-07,1,Changed Mind,83.91,Refunded
R900139,OI1812,O500983,2025-02-09,1,Damaged,74.78,Refunded
R900140,OI1813,O500983,2025-03-05,1,Changed Mind,75.24,Refunded
R900141,OI1830,O500991,2024-11-22,1,Wrong Size,98.5,Refunded
R900142,OI1841,O500997,2024-12-26,1,Damaged,117.32,Refunded
R900143,OI1855,O501004,2024-12-04,1,Late Delivery,84.27,Refunded
R900144,OI1858,O501006,2025-03-10,1,Changed Mind,36.73,Refunded
R900145,OI1871,O501012,2024-04-03,1,Not as Described,60.88,Refunded
R900146,OI1874,O501014,2024-09-20,1,Late Delivery,111.12,Refunded
R900147,OI1878,O501017,2024-08-02,1,Changed Mind,82.77,Refunded
R900148,OI1880,O501018,2025-04-10,1,Wrong Size,105.07,Refunded
R900149,OI1906,O501028,2024-07-28,1,Changed Mind,59.67,Refunded
R900150,OI1910,O501030,2024-10-16,1,Defective,78.32,Refunded
R900151,OI1966,O501057,2024-12-22,1,Changed Mind,149.37,Refunded
R900152,OI1967,O501057,2024-12-02,1,Defective,57.37,Refunded
R900153,OI1982,O501066,2025-02-15,1,Damaged,28.28,Refunded
R900154,OI1986,O501067,2025-06-12,1,Wrong Size,23.56,Refunded
R900155,OI1989,O501069,2024-05-05,1,Damaged,22.1,Refunded
R900156,OI1994,O501072,2024-12-19,1,Not as Described,35.48,Refunded
R900157,OI1996,O501073,2025-04-01,2,Wrong Size,133.13,Refunded
R900158,OI1998,O501074,2025-08-09,1,Wrong Size,62.73,Refunded
R900159,OI2005,O501077,2024-06-10,1,Changed Mind,74.44,Refunded
R900160,OI2019,O501086,2024-11-30,1,Changed Mind,22.57,Refunded
R900161,OI2020,O501087,2025-05-20,1,Not as Described,88.82,Refunded
R900162,OI2038,O501095,2025-07-23,1,Wrong Size,29.29,Refunded
R900163,OI2078,O501116,2025-04-17,1,Changed Mind,61.29,Refunded
R900164,OI2102,O501126,2024-09-23,1,Wrong Size,62.74,Refunded
R900165,OI2115,O501132,2024-11-19,1,Wrong Size,24.53,Refunded
R900166,OI2132,O501141,2025-05-19,1,Changed Mind,38.41,Refunded
R900167,OI2148,O501150,2025-01-01,2,Late Delivery,82.91,Refunded
R900168,OI2162,O501157,2024-10-29,1,Not as Described,73.73,Refunded
R900169,OI2172,O501164,2024-11-21,1,Defective,53.86,Refunded
R900170,OI2177,O501166,2024-10-14,1,Defective,30.96,Refunded
R900171,OI2200,O501175,2025-04-14,1,Changed Mind,56.56,Refunded
R900172,OI2201,O501175,2025-03-28,1,Changed Mind,34.36,Refunded
R900173,OI2210,O501182,2024-07-14,1,Damaged,25.9,Refunded
R900174,OI2212,O501183,2024-09-02,1,Wrong Size,31.87,Refunded
R900175,OI2217,O501185,2024-11-11,1,Changed Mind,108.08,Refunded
R900176,OI2241,O501196,2024-10-21,1,Late Delivery,125.22,Refunded
R900177,OI2247,O501200,2024-06-28,1,Changed Mind,18.48,Refunded
R900178,OI2249,O501200,2024-06-16,1,Changed Mind,127.35,Refunded
R900179,OI2263,O501209,2025-01-21,1,Defective,88.66,Refunded
R900180,OI2264,O501209,2025-02-05,1,Not as Described,21.03,Refunded
R900181,OI2282,O501219,2024-12-02,1,Changed Mind,53.38,Refunded
R900182,OI2293,O501225,2024-12-15,1,Wrong Size,116.81,Refunded
R900183,OI2317,O501238,2024-08-31,1,Wrong Size,16.07,Refunded
R900184,OI2318,O501239,2024-11-01,1,Late Delivery,44.76,Refunded
R900185,OI2331,O501245,2024-12-09,1,Changed Mind,23.47,Refunded
R900186,OI2345,O501254,2024-11-11,1,Defective,159.67,Refunded
R900187,OI2352,O501257,2025-02-14,1,Not as Described,94.82,Refunded
R900188,OI2354,O501257,2025-01-27,1,Changed Mind,20.75,Refunded
R900189,OI2364,O501262,2024-11-20,1,Wrong Size,34.99,Refunded
R900190,OI2370,O501267,2024-05-15,2,Changed Mind,78.08,Refunded
R900191,OI2375,O501270,2025-01-29,3,Not as Described,330.45,Refunded
R900192,OI2423,O501295,2024-09-10,1,Changed Mind,122.81,Refunded
R900193,OI2435,O501302,2024-05-16,1,Changed Mind,37.09,Refunded
R900194,OI2437,O501303,2025-05-05,1,Not as Described,33.88,Refunded
R900195,OI2449,O501310,2024-08-03,1,Changed Mind,40.66,Refunded
R900196,OI2468,O501321,2024-08-20,1,Damaged,29.27,Refunded
R900197,OI2494,O501332,2025-01-29,1,Changed Mind,34.64,Refunded
R900198,OI2512,O501341,2025-01-17,1,Wrong Size,123.98,Refunded
R900199,OI2534,O501351,2024-11-08,1,Late Delivery,144.85,Refunded
R900200,OI2574,O501371,2025-01-20,1,Changed Mind,74.44,Refunded
R900201,OI2592,O501380,2024-11-14,1,Defective,39.53,Refunded
R900202,OI2602,O501385,2024-05-08,3,Changed Mind,238.02,Refunded
R900203,OI2628,O501400,2025-05-16,1,Changed Mind,37.49,Refunded
R900204,OI2678,O501427,2025-05-26,1,Damaged,21.47,Refunded
R900205,OI2697,O501439,2024-12-12,1,Late Delivery,54.63,Refunded
R900206,OI2707,O501443,2025-02-07,1,Not as Described,52.45,Refunded
R900207,OI2710,O501444,2025-07-11,1,Wrong Size,68.22,Refunded
R900208,OI2732,O501456,2024-07-16,1,Wrong Size,39.41,Refunded
R900209,OI2734,O501457,2025-01-11,1,Wrong Size,33.01,Refunded
R900210,OI2767,O501473,2024-12-22,1,Defective,101.57,Refunded
R900211,OI2769,O501474,2025-03-07,1,Wrong Size,60.31,Refunded
R900212,OI2772,O501476,2025-06-08,1,Changed Mind,73.53,Refunded
R900213,OI2778,O501480,2025-06-23,1,Changed Mind,90.68,Refunded
R900214,OI2784,O501484,2024-04-23,1,Wrong Size,40.74,Refunded
R900215,OI2788,O501486,2025-02-24,1,Wrong Size,63.07,Refunded
R900216,OI2793,O501488,2025-05-14,1,Changed Mind,121.06,Refunded
R900217,OI2796,O501489,2025-05-24,1,Late Delivery,148.46,Refunded
R900218,OI2798,O501490,2025-06-30,3,Changed Mind,313.7,Refunded
R900219,OI2799,O501491,2024-07-18,1,Damaged,20.98,Refunded
R900220,OI2808,O501497,2024-09-06,1,Defective,119.59,Refunded
R900221,OI2814,O501499,2024-12-18,1,Changed Mind,77.23,Refunded
R900222,OI2865,O501526,2024-08-05,1,Late Delivery,123.24,Refunded
R900223,OI2876,O501532,2025-02-10,1,Damaged,140.85,Refunded
R900224,OI2891,O501539,2025-03-28,1,Defective,76.88,Refunded
R900225,OI2893,O501540,2025-06-08,1,Damaged,115.03,Refunded
R900226,OI2894,O501541,2025-02-06,1,Late Delivery,36.77,Refunded
R900227,OI2895,O501542,2025-04-22,1,Changed Mind,15.91,Refunded
R900228,OI2896,O501543,2025-05-24,1,Late Delivery,130.39,Refunded
R900229,OI2897,O501543,2025-05-01,1,Wrong Size,85.11,Refunded
R900230,OI2908,O501548,2025-07-05,1,Late Delivery,101.48,Refunded
R900231,OI2910,O501549,2025-07-02,1,Wrong Size,96.73,Refunded
R900232,OI2915,O501551,2025-01-11,1,Wrong Size,30.76,Refunded
R900233,OI2923,O501556,2025-03-06,1,Wrong Size,17.95,Refunded
R900234,OI2925,O501557,2025-06-20,1,Not as Described,55.13,Refunded
R900235,OI2941,O501566,2024-12-25,1,Changed Mind,128.48,Refunded
R900236,OI2951,O501570,2025-07-11,1,Not as Described,92.03,Refunded
R900237,OI2960,O501575,2025-01-23,1,Changed Mind,68.76,Refunded
R900238,OI2970,O501580,2024-05-14,1,Not as Described,91.78,Refunded
R900239,OI2973,O501582,2024-11-27,1,Late Delivery,54.61,Refunded
R900240,OI2982,O501587,2024-07-28,1,Wrong Size,32.35,Refunded
R900241,OI3006,O501601,2024-07-05,1,Wrong Size,143.74,Refunded
R900242,OI3020,O501608,2024-05-03,1,Late Delivery,24.16,Refunded
R900243,OI3026,O501610,2025-07-14,1,Not as Described,124.68,Refunded
R900244,OI3027,O501611,2024-10-17,1,Wrong Size,73.7,Refunded
R900245,OI3048,O501623,2024-06-10,1,Not as Described,99.39,Refunded
R900246,OI3064,O501631,2025-03-01,1,Wrong Size,114.02,Refunded
R900247,OI3077,O501638,2025-04-02,1,Changed Mind,124.44,Refunded
R900248,OI3105,O501651,2025-06-13,1,Wrong Size,136.97,Refunded
R900249,OI3114,O501655,2024-11-29,1,Not as Described,93.63,Refunded
R900250,OI3129,O501663,2024-03-03,1,Wrong Size,125.27,Refunded
R900251,OI3158,O501678,2024-04-13,1,Wrong Size,19.89,Refunded
R900252,OI3160,O501679,2024-06-16,1,Changed Mind,80.02,Refunded
R900253,OI3167,O501682,2025-04-07,1,Damaged,84.92,Refunded
R900254,OI3168,O501683,2025-05-03,1,Not as Described,37.46,Refunded
R900255,OI3171,O501685,2025-05-14,1,Changed Mind,35.77,Refunded
R900256,OI3201,O501699,2025-02-06,1,Defective,143.73,Refunded
R900257,OI3202,O501700,2024-09-29,1,Changed Mind,24.36,Refunded
R900258,OI3214,O501708,2024-10-11,1,Changed Mind,65.3,Refunded
R900259,OI3215,O501708,2024-10-31,1,Wrong Size,13.69,Refunded
R900260,OI3233,O501717,2025-05-31,1,Changed Mind,39.67,Refunded
R900261,OI3235,O501717,2025-05-01,1,Not as Described,100.14,Refunded
R900262,OI3237,O501718,2025-06-17,1,Changed Mind,34.77,Refunded
R900263,OI3282,O501741,2024-10-25,1,Wrong Size,102.43,Refunded
R900264,OI3291,O501745,2024-08-20,1,Changed Mind,156.15,Refunded
R900265,OI3294,O501746,2025-06-10,1,Changed Mind,92.49,Refunded
R900266,OI3309,O501752,2025-06-17,1,Not as Described,42.49,Refunded
R900267,OI3319,O501758,2025-01-15,1,Defective,56.99,Refunded
R900268,OI3321,O501759,2025-07-22,1,Not as Described,15.71,Refunded
R900269,OI3323,O501761,2024-09-28,1,Not as Described,38.47,Refunded
R900270,OI3330,O501766,2024-11-13,1,Not as Described,74.62,Refunded
R900271,OI3335,O501770,2025-06-09,1,Wrong Size,106.78,Refunded
R900272,OI3338,O501773,2024-09-29,1,Changed Mind,75.59,Refunded
R900273,OI3346,O501778,2025-07-16,1,Changed Mind,39.07,Refunded
R900274,OI3366,O501786,2025-05-31,1,Damaged,36.39,Refunded
R900275,OI3367,O501787,2025-06-19,1,Not as Described,20.68,Refunded
R900276,OI3379,O501794,2024-02-23,1,Wrong Size,87.08,Refunded
R900277,OI3414,O501810,2024-08-05,2,Wrong Size,41.8,Refunded
R900278,OI3416,O501811,2024-11-01,1,Defective,75.86,Refunded
R900279,OI3418,O501813,2025-05-08,2,Wrong Size,78.84,Refunded
R900280,OI3441,O501827,2024-06-05,1,Damaged,22.08,Refunded
R900281,OI3446,O501830,2025-07-03,1,Wrong Size,36.92,Refunded
R900282,OI3512,O501864,2024-10-31,1,Late Delivery,114.41,Refunded
R900283,OI3526,O501869,2024-08-21,1,Changed Mind,137.93,Refunded
R900284,OI3535,O501873,2024-10-12,1,Not as Described,49.47,Refunded
R900285,OI3559,O501884,2025-05-29,1,Wrong Size,91.35,Refunded
R900286,OI3561,O501885,2024-02-26,1,Changed Mind,133.77,Refunded
R900287,OI3567,O501888,2025-07-02,1,Changed Mind,44.71,Refunded
R900288,OI3575,O501890,2025-05-21,1,Changed Mind,156.66,Refunded
R900289,OI3585,O501896,2024-03-21,1,Changed Mind,20.11,Refunded
R900290,OI3601,O501906,2025-06-07,1,Defective,21.47,Refunded
R900291,OI3628,O501920,2024-02-25,1,Late Delivery,32.75,Refunded
R900292,OI3641,O501928,2024-11-10,1,Damaged,23.03,Refunded
R900293,OI3662,O501941,2025-01-10,1,Defective,38.51,Refunded
R900294,OI3680,O501948,2024-11-28,1,Damaged,125.92,Refunded
R900295,OI3695,O501954,2025-07-14,1,Changed Mind,20.03,Refunded
R900296,OI3697,O501955,2025-06-05,1,Changed Mind,120.31,Refunded
R900297,OI3711,O501963,2024-09-25,1,Changed Mind,211.71,Refunded
R900298,OI3719,O501966,2024-04-02,1,Wrong Size,43.03,Refunded
R900299,OI3731,O501972,2025-06-27,1,Wrong Size,102.83,Refunded
R900300,OI3732,O501973,2025-06-14,1,Late Delivery,98.5,Refunded
R900301,OI3739,O501976,2025-04-19,1,Changed Mind,78.25,Refunded
R900302,OI3767,O501992,2024-12-14,1,Changed Mind,54.73,Refunded
R900303,OI3778,O501998,2024-09-14,1,Wrong Size,111.29,Refunded
R900304,OI3779,O501998,2024-08-27,1,Damaged,38.46,Refunded
R900305,OI3824,O502021,2024-11-25,1,Changed Mind,75.2,Refunded
R900306,OI3847,O502033,2025-02-17,1,Wrong Size,30.15,Refunded
R900307,OI3858,O502038,2024-09-16,1,Wrong Size,134.87,Refunded
R900308,OI3862,O502040,2025-05-27,1,Changed Mind,37.6,Refunded
R900309,OI3865,O502042,2025-03-05,1,Not as Described,75.29,Refunded
R900310,OI3891,O502057,2025-03-29,1,Late Delivery,67.68,Refunded
R900311,OI3894,O502058,2025-02-20,1,Wrong Size,19.03,Refunded
R900312,OI3898,O502059,2025-04-23,1,Not as Described,30.01,Refunded
R900313,OI3912,O502067,2024-11-20,1,Changed Mind,88.77,Refunded
R900314,OI3913,O502068,2025-07-04,2,Wrong Size,58.93,Refunded
R900315,OI3964,O502099,2024-11-08,1,Changed Mind,102.79,Refunded
R900316,OI3970,O502102,2025-02-07,1,Changed Mind,20.45,Refunded
R900317,OI3973,O502105,2024-09-24,1,Not as Described,19.49,Refunded
R900318,OI3976,O502107,2024-05-13,1,Wrong Size,41.99,Refunded
R900319,OI3997,O502119,2025-06-30,1,Not as Described,30.12,Refunded
R900320,OI3999,O502121,2025-07-28,1,Not as Described,30.38,Refunded
R900321,OI4028,O502135,2025-02-15,1,Not as Described,39.65,Refunded
R900322,OI4047,O502147,2024-09-01,1,Wrong Size,38.84,Refunded
R900323,OI4050,O502150,2025-05-28,2,Changed Mind,78.73,Refunded
R900324,OI4130,O502192,2025-06-08,1,Defective,61.92,Refunded
R900325,OI4140,O502197,2025-02-11,1,Wrong Size,38.98,Refunded
R900326,OI4145,O502201,2025-05-13,1,Late Delivery,52.98,Refunded
R900327,OI4150,O502204,2024-09-21,1,Damaged,137.28,Refunded
R900328,OI4167,O502211,2025-02-13,1,Changed Mind,18.0,Refunded
R900329,OI4196,O502227,2025-01-06,1,Changed Mind,126.06,Refunded
R900330,OI4225,O502245,2025-01-29,1,Not as Described,108.66,Refunded
R900331,OI4237,O502252,2025-01-22,1,Changed Mind,16.67,Refunded
R900332,OI4238,O502252,2025-01-22,1,Not as Described,29.57,Refunded
R900333,OI4245,O502256,2024-02-19,1,Wrong Size,13.39,Refunded
R900334,OI4247,O502258,2024-09-03,1,Not as Described,21.75,Refunded
R900335,OI4251,O502259,2024-11-09,1,Changed Mind,144.99,Refunded
R900336,OI4287,O502284,2024-11-03,1,Changed Mind,120.28,Refunded
R900337,OI4335,O502311,2025-01-11,1,Changed Mind,25.41,Refunded
R900338,OI4362,O502328,2025-04-15,1,Not as Described,139.59,Refunded
R900339,OI4367,O502331,2024-09-04,1,Damaged,84.03,Refunded
R900340,OI4386,O502342,2025-06-07,1,Damaged,13.78,Refunded
R900341,OI4388,O502343,2024-03-13,1,Changed Mind,84.44,Refunded
R900342,OI4393,O502346,2024-08-10,1,Damaged,93.34,Refunded
R900343,OI4401,O502350,2025-05-22,1,Changed Mind,29.19,Refunded
R900344,OI4404,O502352,2024-09-14,1,Changed Mind,131.31,Refunded
R900345,OI4409,O502354,2025-05-24,1,Wrong Size,38.07,Refunded
R900346,OI4427,O502365,2025-07-09,1,Changed Mind,142.26,Refunded
R900347,OI4433,O502367,2024-07-23,1,Damaged,18.48,Refunded
R900348,OI4439,O502369,2025-03-21,1,Wrong Size,36.1,Refunded
R900349,OI4440,O502369,2025-04-04,1,Changed Mind,120.87,Refunded
R900350,OI4443,O502371,2024-02-03,1,Late Delivery,128.36,Refunded
R900351,OI4446,O502373,2024-09-13,1,Damaged,16.48,Refunded
R900352,OI4463,O502385,2024-07-01,1,Damaged,23.41,Refunded
R900353,OI4476,O502394,2025-05-19,2,Wrong Size,84.6,Refunded
R900354,OI4484,O502398,2025-03-30,1,Changed Mind,23.59,Refunded
R900355,OI4490,O502400,2024-03-05,1,Changed Mind,73.85,Refunded
R900356,OI4492,O502401,2024-04-28,1,Damaged,87.69,Refunded
R900357,OI4493,O502401,2024-04-21,1,Not as Described,15.75,Refunded
R900358,OI4503,O502406,2024-12-23,1,Changed Mind,58.88,Refunded
R900359,OI4513,O502411,2024-03-08,1,Late Delivery,148.1,Refunded
R900360,OI4518,O502413,2025-01-01,1,Wrong Size,97.54,Refunded
R900361,OI4552,O502430,2024-12-05,1,Damaged,79.57,Refunded
R900362,OI4578,O502449,2024-09-25,1,Defective,30.49,Refunded
R900363,OI4597,O502460,2025-05-15,1,Wrong Size,16.59,Refunded
R900364,OI4603,O502462,2024-02-19,1,Not as Described,29.07,Refunded
R900365,OI4614,O502467,2024-12-13,1,Changed Mind,43.92,Refunded
R900366,OI4651,O502488,2024-04-13,1,Changed Mind,102.67,Refunded
R900367,OI4665,O502492,2024-09-12,1,Wrong Size,16.39,Refunded
R900368,OI4703,O502513,2024-11-02,1,Not as Described,87.45,Refunded
R900369,OI4713,O502517,2025-08-12,1,Wrong Size,68.45,Refunded
R900370,OI4718,O502519,2025-05-11,2,Not as Described,148.86,Refunded
R900371,OI4727,O502522,2025-01-03,1,Changed Mind,98.72,Refunded
R900372,OI4730,O502524,2025-05-16,1,Not as Described,104.93,Refunded
R900373,OI4747,O502534,2025-03-14,1,Not as Described,150.95,Refunded
R900374,OI4761,O502539,2024-05-31,1,Not as Described,113.88,Refunded
R900375,OI4765,O502542,2025-02-16,1,Changed Mind,30.85,Refunded
R900376,OI4775,O502547,2025-05-06,1,Late Delivery,30.88,Refunded
R900377,OI4791,O502554,2025-06-02,1,Defective,28.66,Refunded
R900378,OI4814,O502568,2025-01-11,1,Not as Described,57.17,Refunded
R900379,OI4817,O502570,2024-11-22,1,Wrong Size,83.68,Refunded
R900380,OI4826,O502575,2024-09-30,2,Not as Described,82.16,Refunded
R900381,OI4827,O502576,2024-11-20,1,Wrong Size,153.93,Refunded
R900382,OI4836,O502582,2024-02-23,1,Wrong Size,38.66,Refunded
R900383,OI4841,O502584,2025-02-27,1,Changed Mind,60.07,Refunded
R900384,OI4882,O502605,2024-05-24,1,Damaged,128.4,Refunded
R900385,OI4910,O502617,2025-08-12,1,Damaged,16.49,Refunded
R900386,OI4932,O502626,2024-08-03,1,Late Delivery,26.51,Refunded
R900387,OI4958,O502641,2025-06-11,1,Late Delivery,108.85,Refunded
R900388,OI4969,O502644,2024-05-11,1,Wrong Size,41.65,Refunded
R900389,OI4970,O502644,2024-05-29,1,Not as Described,24.86,Refunded
R900390,OI4974,O502647,2025-07-01,1,Wrong Size,96.93,Refunded
R900391,OI4990,O502656,2024-04-12,1,Changed Mind,107.71,Refunded
R900392,OI5019,O502670,2024-05-02,1,Late Delivery,137.53,Refunded
R900393,OI5037,O502677,2025-05-06,1,Changed Mind,32.9,Refunded
R900394,OI5040,O502678,2024-03-18,2,Wrong Size,257.95,Refunded
R900395,OI5043,O502679,2024-03-14,1,Wrong Size,37.12,Refunded
R900396,OI5064,O502690,2024-04-09,1,Changed Mind,160.02,Refunded
R900397,OI5071,O502693,2024-08-10,1,Defective,35.95,Refunded
R900398,OI5078,O502697,2025-02-28,2,Not as Described,255.87,Refunded
R900399,OI5086,O502700,2024-06-20,1,Not as Described,75.01,Refunded
R900400,OI5099,O502709,2025-06-18,1,Late Delivery,39.44,Refunded
R900401,OI5153,O502743,2024-07-29,1,Damaged,37.34,Refunded
R900402,OI5156,O502744,2024-08-25,1,Changed Mind,109.09,Refunded
R900403,OI5162,O502747,2025-06-23,1,Changed Mind,32.59,Refunded
R900404,OI5165,O502749,2024-08-04,1,Changed Mind,32.17,Refunded
R900405,OI5176,O502756,2024-08-25,1,Changed Mind,56.52,Refunded
R900406,OI5185,O502762,2024-03-17,1,Defective,122.58,Refunded
R900407,OI5196,O502770,2025-06-20,1,Defective,97.42,Refunded
R900408,OI5221,O502782,2024-08-04,1,Wrong Size,40.54,Refunded
R900409,OI5240,O502793,2025-03-14,1,Wrong Size,27.56,Refunded
R900410,OI5241,O502793,2025-04-13,1,Not as Described,29.42,Refunded
R900411,OI5260,O502803,2025-01-08,1,Wrong Size,29.83,Refunded
R900412,OI5266,O502807,2025-01-08,1,Changed Mind,138.66,Refunded
R900413,OI5294,O502820,2025-07-11,1,Damaged,59.56,Refunded
R900414,OI5321,O502834,2024-12-28,1,Wrong Size,103.29,Refunded
R900415,OI5372,O502862,2024-06-13,1,Defective,61.0,Refunded
R900416,OI5403,O502878,2024-04-25,1,Damaged,22.5,Refunded
R900417,OI5404,O502879,2024-06-11,1,Changed Mind,33.36,Refunded
R900418,OI5409,O502882,2024-08-16,1,Not as Described,42.05,Refunded
R900419,OI5422,O502893,2024-07-07,1,Changed Mind,77.79,Refunded
R900420,OI5426,O502895,2024-08-09,1,Changed Mind,30.69,Refunded
R900421,OI5431,O502898,2024-02-11,1,Damaged,108.0,Refunded
R900422,OI5437,O502901,2025-04-21,1,Damaged,29.07,Refunded
R900423,OI5455,O502909,2024-08-30,1,Late Delivery,74.32,Refunded
R900424,OI5460,O502911,2024-11-28,1,Not as Described,81.21,Refunded
R900425,OI5463,O502913,2025-05-04,1,Wrong Size,67.73,Refunded
R900426,OI5472,O502917,2024-03-20,1,Changed Mind,56.41,Refunded
R900427,OI5474,O502918,2024-04-29,1,Damaged,107.5,Refunded
R900428,OI5485,O502927,2024-11-24,1,Changed Mind,30.59,Refunded
R900429,OI5499,O502935,2024-07-19,1,Damaged,21.54,Refunded
R900430,OI5508,O502941,2025-01-19,1,Defective,88.76,Refunded
R900431,OI5521,O502948,2024-09-02,1,Not as Described,62.03,Refunded
R900432,OI5528,O502951,2024-12-30,1,Changed Mind,42.03,Refunded
R900433,OI5529,O502951,2024-12-05,1,Damaged,88.86,Refunded
R900434,OI5532,O502953,2025-06-17,1,Wrong Size,123.08,Refunded
R900435,OI5539,O502957,2024-12-20,2,Not as Described,63.85,Refunded
R900436,OI5546,O502959,2025-07-10,1,Not as Described,91.24,Refunded
R900437,OI5554,O502963,2024-04-18,1,Not as Described,28.88,Refunded
R900438,OI5567,O502971,2025-06-15,1,Not as Described,81.72,Refunded
R900439,OI5578,O502975,2024-03-01,1,Changed Mind,109.98,Refunded
R900440,OI5588,O502981,2025-04-01,1,Damaged,85.19,Refunded
R900441,OI5589,O502981,2025-03-14,1,Changed Mind,95.58,Refunded
R900442,OI5600,O502987,2024-02-09,1,Wrong Size,19.49,Refunded
R900443,OI5601,O502987,2024-02-04,1,Not as Described,114.35,Refunded
R900444,OI5606,O502989,2024-07-02,1,Late Delivery,78.72,Refunded
R900445,OI5610,O502991,2025-05-26,1,Wrong Size,61.91,Refunded
R900446,OI5611,O502991,2025-05-11,1,Defective,126.68,Refunded
R900447,OI5612,O502992,2025-03-27,1,Changed Mind,60.55,Refunded
R900448,OI5620,O502997,2024-07-25,2,Wrong Size,76.93,Refunded
R900449,OI5627,O503000,2025-07-04,1,Changed Mind,99.26,Refunded
R900450,OI5630,O503002,2024-02-01,1,Changed Mind,60.55,Refunded
R900451,OI5634,O503004,2025-04-12,1,Changed Mind,76.43,Refunded
R900452,OI5636,O503005,2024-06-27,1,Damaged,80.65,Refunded
R900453,OI5652,O503014,2024-10-03,1,Changed Mind,28.55,Refunded
R900454,OI5662,O503020,2025-02-09,1,Wrong Size,82.08,Refunded
R900455,OI5672,O503024,2025-04-25,1,Late Delivery,22.08,Refunded
R900456,OI5675,O503026,2024-12-30,1,Defective,57.7,Refunded
R900457,OI5681,O503028,2024-10-23,1,Not as Described,16.39,Refunded
R900458,OI5688,O503031,2025-05-02,1,Changed Mind,58.24,Refunded
R900459,OI5694,O503033,2024-07-21,1,Changed Mind,54.19,Refunded
R900460,OI5721,O503047,2024-06-25,1,Wrong Size,39.96,Refunded
R900461,OI5737,O503056,2024-10-29,1,Not as Described,61.79,Refunded
R900462,OI5742,O503061,2025-02-21,1,Wrong Size,97.14,Refunded
R900463,OI5747,O503064,2025-05-22,2,Changed Mind,261.65,Refunded
R900464,OI5764,O503074,2024-08-16,1,Changed Mind,71.12,Refunded
R900465,OI5795,O503089,2024-02-28,1,Defective,38.37,Refunded
R900466,OI5806,O503095,2024-09-05,1,Not as Described,56.18,Refunded
R900467,OI5829,O503111,2024-05-27,1,Wrong Size,34.93,Refunded
R900468,OI5831,O503112,2024-12-01,1,Damaged,155.29,Refunded
R900469,OI5841,O503118,2025-07-19,1,Not as Described,74.41,Refunded
R900470,OI5866,O503133,2025-02-12,1,Defective,55.93,Refunded
R900471,OI5871,O503136,2025-03-06,1,Changed Mind,107.26,Refunded
R900472,OI5881,O503141,2024-11-15,1,Changed Mind,38.23,Refunded
R900473,OI5896,O503150,2024-12-20,1,Changed Mind,60.37,Refunded
R900474,OI5904,O503156,2025-06-25,1,Damaged,127.27,Refunded
R900475,OI5908,O503158,2024-01-30,1,Late Delivery,93.08,Refunded
R900476,OI5915,O503160,2024-11-25,1,Late Delivery,75.24,Refunded
R900477,OI5927,O503164,2025-07-16,1,Not as Described,16.92,Refunded
R900478,OI5936,O503171,2024-09-25,1,Changed Mind,37.59,Refunded
R900479,OI5946,O503177,2024-09-10,1,Changed Mind,40.77,Refunded
R900480,OI5962,O503183,2024-04-04,1,Wrong Size,75.5,Refunded
R900481,OI5966,O503186,2024-12-04,1,Not as Described,40.96,Refunded
R900482,OI5987,O503194,2024-12-17,2,Defective,169.56,Refunded
R900483,OI6027,O503217,2024-11-27,1,Changed Mind,35.5,Refunded
R900484,OI6068,O503237,2024-05-12,1,Not as Described,158.34,Refunded
R900485,OI6079,O503242,2024-12-04,1,Changed Mind,38.45,Refunded
R900486,OI6100,O503255,2024-07-08,1,Not as Described,55.63,Refunded
R900487,OI6107,O503258,2025-05-23,1,Late Delivery,76.59,Refunded
R900488,OI6110,O503260,2024-06-27,1,Changed Mind,40.16,Refunded
R900489,OI6129,O503271,2024-07-22,1,Damaged,97.68,Refunded
R900490,OI6145,O503281,2025-06-09,1,Wrong Size,43.24,Refunded
R900491,OI6152,O503285,2025-04-26,1,Changed Mind,43.59,Refunded
R900492,OI6161,O503290,2024-06-26,1,Damaged,80.27,Refunded
R900493,OI6165,O503292,2024-06-28,1,Wrong Size,26.65,Refunded
R900494,OI6169,O503293,2025-05-27,1,Wrong Size,103.9,Refunded
R900495,OI6170,O503293,2025-04-30,1,Wrong Size,14.13,Refunded
R900496,OI6177,O503298,2025-07-05,1,Not as Described,121.21,Refunded
R900497,OI6203,O503311,2025-06-08,1,Defective,30.84,Refunded
R900498,OI6208,O503314,2024-11-02,1,Not as Described,71.88,Refunded
R900499,OI6221,O503320,2024-03-05,1,Defective,58.33,Refunded
R900500,OI6234,O503328,2025-06-04,1,Wrong Size,20.99,Refunded
R900501,OI6245,O503333,2025-04-16,1,Changed Mind,60.11,Refunded
R900502,OI6252,O503338,2024-07-23,1,Changed Mind,18.97,Refunded
R900503,OI6281,O503352,2025-05-06,1,Not as Described,100.63,Refunded
R900504,OI6294,O503360,2024-07-06,1,Changed Mind,125.33,Refunded
R900505,OI6300,O503363,2025-02-09,1,Wrong Size,27.17,Refunded
R900506,OI6301,O503363,2025-02-14,1,Changed Mind,21.22,Refunded
R900507,OI6321,O503374,2024-07-14,1,Changed Mind,169.24,Refunded
R900508,OI6338,O503381,2025-04-11,1,Wrong Size,100.17,Refunded
R900509,OI6339,O503381,2025-04-13,1,Changed Mind,43.69,Refunded
R900510,OI6340,O503382,2025-06-05,1,Changed Mind,36.88,Refunded
R900511,OI6341,O503383,2024-07-31,1,Changed Mind,41.0,Refunded
R900512,OI6371,O503397,2025-01-02,1,Not as Described,37.77,Refunded
R900513,OI6378,O503401,2025-02-21,1,Wrong Size,38.01,Refunded
R900514,OI6401,O503416,2024-04-23,1,Changed Mind,19.29,Refunded
R900515,OI6473,O503454,2024-08-02,1,Damaged,123.42,Refunded
R900516,OI6474,O503455,2024-12-14,2,Not as Described,265.62,Refunded
R900517,OI6480,O503457,2024-05-03,1,Late Delivery,67.8,Refunded
R900518,OI6482,O503458,2024-09-09,1,Changed Mind,37.0,Refunded
R900519,OI6483,O503459,2024-09-16,1,Wrong Size,31.04,Refunded
R900520,OI6487,O503461,2024-10-29,1,Damaged,135.14,Refunded
R900521,OI6497,O503467,2024-10-14,1,Late Delivery,148.64,Refunded
R900522,OI6525,O503479,2024-02-10,1,Defective,83.29,Refunded
R900523,OI6538,O503488,2024-12-07,1,Wrong Size,20.75,Refunded
R900524,OI6552,O503495,2025-04-01,1,Not as Described,30.6,Refunded
R900525,OI6555,O503496,2024-10-26,1,Not as Described,22.01,Refunded
R900526,OI6562,O503498,2024-03-27,1,Not as Described,85.7,Refunded
R900527,OI6594,O503512,2024-11-25,1,Damaged,78.11,Refunded
R900528,OI6597,O503514,2024-08-04,1,Changed Mind,68.05,Refunded
R900529,OI6608,O503522,2025-03-12,1,Not as Described,92.61,Refunded
R900530,OI6632,O503532,2025-04-01,1,Late Delivery,32.73,Refunded
R900531,OI6661,O503548,2025-02-05,1,Not as Described,68.1,Refunded
R900532,OI6665,O503550,2025-05-17,1,Late Delivery,109.79,Refunded
R900533,OI6673,O503553,2025-02-28,1,Wrong Size,55.58,Refunded
R900534,OI6679,O503556,2024-10-14,1,Changed Mind,70.83,Refunded
R900535,OI6686,O503558,2025-07-11,1,Defective,17.78,Refunded
R900536,OI6690,O503560,2024-10-08,1,Damaged,101.37,Refunded
R900537,OI6691,O503561,2024-11-09,1,Late Delivery,39.45,Refunded
R900538,OI6705,O503570,2025-05-16,1,Damaged,33.59,Refunded
R900539,OI6707,O503570,2025-04-23,1,Not as Described,101.47,Refunded
R900540,OI6717,O503576,2025-01-04,1,Wrong Size,131.71,Refunded
R900541,OI6723,O503580,2024-12-25,1,Changed Mind,120.84,Refunded
R900542,OI6735,O503587,2025-01-25,1,Changed Mind,42.12,Refunded
R900543,OI6739,O503589,2025-02-20,1,Changed Mind,55.28,Refunded
R900544,OI6754,O503596,2024-11-17,1,Wrong Size,36.28,Refunded
R900545,OI6792,O503618,2024-11-16,1,Changed Mind,37.35,Refunded
R900546,OI6793,O503619,2024-11-23,1,Damaged,113.88,Refunded
R900547,OI6796,O503621,2025-07-08,1,Wrong Size,82.08,Refunded
R900548,OI6806,O503628,2024-09-22,1,Wrong Size,124.31,Refunded
R900549,OI6810,O503630,2024-03-28,1,Wrong Size,29.46,Refunded
R900550,OI6868,O503659,2025-04-17,1,Wrong Size,80.69,Refunded
R900551,OI6879,O503666,2024-12-07,1,Not as Described,101.85,Refunded
R900552,OI6902,O503674,2024-09-29,1,Damaged,34.58,Refunded
R900553,OI6912,O503678,2025-06-14,1,Damaged,42.7,Refunded
R900554,OI6940,O503692,2024-02-23,1,Not as Described,28.6,Refunded
R900555,OI6944,O503693,2024-04-07,2,Not as Described,163.28,Refunded
R900556,OI6953,O503698,2025-05-19,1,Wrong Size,21.61,Refunded
R900557,OI6955,O503699,2025-07-21,1,Wrong Size,42.15,Refunded
R900558,OI6956,O503699,2025-07-29,1,Wrong Size,134.95,Refunded
R900559,OI6981,O503714,2025-02-05,1,Not as Described,43.08,Refunded
R900560,OI6982,O503715,2024-03-09,1,Changed Mind,19.31,Refunded
R900561,OI6983,O503715,2024-03-24,1,Not as Described,29.6,Refunded
R900562,OI6991,O503720,2025-07-04,1,Not as Described,38.3,Refunded
R900563,OI7040,O503747,2024-03-03,1,Wrong Size,124.17,Refunded
R900564,OI7051,O503754,2024-11-29,2,Not as Described,61.84,Refunded
R900565,OI7052,O503754,2024-12-24,1,Changed Mind,29.03,Refunded
R900566,OI7060,O503759,2025-05-09,1,Changed Mind,43.26,Refunded
R900567,OI7064,O503760,2024-12-20,2,Wrong Size,216.27,Refunded
R900568,OI7066,O503761,2025-05-14,1,Wrong Size,71.31,Refunded
R900569,OI7072,O503764,2025-04-29,1,Changed Mind,79.28,Refunded
R900570,OI7102,O503780,2025-06-21,1,Changed Mind,78.45,Refunded
R900571,OI7104,O503780,2025-06-13,1,Damaged,81.39,Refunded
R900572,OI7107,O503781,2025-04-27,1,Wrong Size,115.78,Refunded
R900573,OI7109,O503782,2025-01-14,1,Wrong Size,82.0,Refunded
R900574,OI7112,O503782,2025-01-01,1,Damaged,35.6,Refunded
R900575,OI7117,O503784,2025-06-28,1,Changed Mind,160.55,Refunded
R900576,OI7126,O503790,2024-06-26,1,Wrong Size,57.67,Refunded
R900577,OI7133,O503794,2025-03-20,1,Damaged,34.05,Refunded
R900578,OI7155,O503807,2024-04-02,1,Defective,40.2,Refunded
R900579,OI7160,O503808,2024-12-11,1,Late Delivery,37.79,Refunded
R900580,OI7162,O503810,2024-12-21,1,Not as Described,124.29,Refunded
R900581,OI7164,O503811,2025-01-15,1,Not as Described,82.43,Refunded
R900582,OI7171,O503814,2024-12-26,1,Late Delivery,137.78,Refunded
R900583,OI7174,O503815,2025-04-26,1,Not as Described,140.04,Refunded
R900584,OI7198,O503829,2024-04-03,1,Late Delivery,37.35,Refunded
R900585,OI7205,O503834,2024-03-20,1,Changed Mind,41.74,Refunded
R900586,OI7213,O503837,2024-06-22,1,Changed Mind,29.75,Refunded
R900587,OI7223,O503842,2024-07-14,1,Late Delivery,92.12,Refunded
R900588,OI7228,O503844,2025-04-02,1,Defective,15.56,Refunded
R900589,OI7241,O503851,2024-05-07,1,Changed Mind,19.67,Refunded
R900590,OI7258,O503860,2024-07-12,1,Damaged,16.61,Refunded
R900591,OI7261,O503861,2024-08-03,1,Wrong Size,29.21,Refunded
R900592,OI7292,O503876,2024-07-11,1,Wrong Size,68.47,Refunded
R900593,OI7296,O503879,2024-07-05,1,Changed Mind,54.2,Refunded
R900594,OI7313,O503890,2025-04-03,1,Defective,28.48,Refunded
R900595,OI7315,O503891,2025-07-23,1,Late Delivery,58.8,Refunded
R900596,OI7329,O503899,2024-04-24,1,Wrong Size,23.73,Refunded
R900597,OI7358,O503914,2024-03-01,1,Not as Described,52.98,Refunded
R900598,OI7367,O503919,2025-01-01,1,Not as Described,53.25,Refunded
R900599,OI7393,O503933,2025-06-27,1,Defective,64.67,Refunded
R900600,OI7419,O503949,2024-12-23,2,Late Delivery,209.18,Refunded
R900601,OI7435,O503958,2024-12-07,1,Not as Described,39.56,Refunded
R900602,OI7445,O503964,2024-04-23,1,Wrong Size,35.38,Refunded
R900603,OI7474,O503978,2024-07-05,1,Damaged,54.63,Refunded
R900604,OI7507,O503994,2024-03-30,1,Wrong Size,87.5,Refunded
R900605,OI7534,O504007,2024-08-09,1,Not as Described,63.41,Refunded
R900606,OI7536,O504009,2025-06-23,1,Not as Described,75.7,Refunded
R900607,OI7551,O504020,2024-11-22,1,Defective,154.8,Refunded
R900608,OI7578,O504035,2025-01-19,1,Damaged,105.46,Refunded
R900609,OI7580,O504036,2025-07-01,1,Wrong Size,72.76,Refunded
R900610,OI7599,O504045,2024-07-04,1,Not as Described,35.95,Refunded
R900611,OI7602,O504048,2024-10-16,1,Damaged,72.03,Refunded
R900612,OI7604,O504050,2024-10-19,1,Changed Mind,21.83,Refunded
R900613,OI7617,O504060,2025-01-09,1,Late Delivery,57.76,Refunded
R900614,OI7627,O504067,2025-06-21,1,Defective,42.22,Refunded
R900615,OI7636,O504069,2024-11-01,1,Not as Described,38.49,Refunded
R900616,OI7646,O504076,2025-07-16,1,Wrong Size,113.73,Refunded
R900617,OI7648,O504077,2024-02-13,1,Changed Mind,72.95,Refunded
R900618,OI7654,O504080,2024-11-05,2,Wrong Size,145.09,Refunded
R900619,OI7669,O504087,2025-05-03,1,Wrong Size,102.46,Refunded
R900620,OI7678,O504090,2024-11-15,1,Not as Described,133.88,Refunded
R900621,OI7707,O504108,2025-04-04,1,Changed Mind,34.98,Refunded
R900622,OI7721,O504116,2024-04-11,1,Damaged,68.34,Refunded
R900623,OI7741,O504126,2024-10-13,1,Damaged,97.73,Refunded
R900624,OI7777,O504147,2025-07-15,1,Late Delivery,53.46,Refunded
R900625,OI7785,O504150,2025-04-07,1,Changed Mind,31.96,Refunded
R900626,OI7796,O504155,2025-04-26,1,Defective,203.86,Refunded
R900627,OI7802,O504158,2024-02-10,2,Wrong Size,219.74,Refunded
R900628,OI7807,O504161,2025-03-17,1,Not as Described,62.16,Refunded
R900629,OI7813,O504164,2025-07-27,1,Changed Mind,68.31,Refunded
R900630,OI7825,O504171,2024-07-07,1,Wrong Size,76.19,Refunded
R900631,OI7902,O504211,2024-06-17,1,Not as Described,92.81,Refunded
R900632,OI7914,O504218,2024-12-23,1,Late Delivery,60.71,Refunded
R900633,OI7933,O504229,2025-03-18,1,Not as Described,180.4,Refunded
R900634,OI7975,O504252,2024-10-05,1,Wrong Size,13.51,Refunded
R900635,OI7984,O504258,2025-06-28,1,Late Delivery,54.77,Refunded
R900636,OI7990,O504261,2024-02-17,1,Defective,35.31,Refunded
R900637,OI8003,O504270,2025-02-13,1,Not as Described,146.54,Refunded
R900638,OI8011,O504276,2025-02-03,1,Defective,68.17,Refunded
R900639,OI8025,O504284,2025-06-03,1,Wrong Size,137.75,Refunded
R900640,OI8038,O504291,2024-08-27,2,Changed Mind,248.74,Refunded
R900641,OI8041,O504293,2025-07-03,1,Defective,132.92,Refunded
R900642,OI8049,O504297,2025-03-31,1,Wrong Size,34.46,Refunded
R900643,OI8084,O504312,2024-06-22,1,Damaged,55.93,Refunded
R900644,OI8087,O504312,2024-06-03,1,Not as Described,24.81,Refunded
R900645,OI8105,O504321,2024-05-06,1,Not as Described,105.86,Refunded
R900646,OI8109,O504324,2024-12-27,1,Changed Mind,59.87,Refunded
R900647,OI8113,O504325,2025-04-05,1,Not as Described,34.44,Refunded
R900648,OI8130,O504334,2025-04-20,1,Changed Mind,144.27,Refunded
R900649,OI8152,O504343,2024-01-31,2,Not as Described,45.74,Refunded
R900650,OI8167,O504352,2025-07-06,1,Not as Described,41.6,Refunded
R900651,OI8189,O504363,2024-11-13,1,Not as Described,63.58,Refunded
R900652,OI8192,O504364,2025-06-23,1,Not as Described,149.81,Refunded
R900653,OI8194,O504365,2025-01-01,1,Not as Described,95.98,Refunded
R900654,OI8196,O504366,2024-06-02,1,Changed Mind,24.56,Refunded
R900655,OI8200,O504368,2025-05-08,1,Not as Described,29.44,Refunded
R900656,OI8210,O504373,2024-12-18,1,Changed Mind,86.88,Refunded
R900657,OI8211,O504373,2024-12-03,1,Wrong Size,129.24,Refunded
R900658,OI8227,O504382,2025-03-02,1,Changed Mind,33.7,Refunded
R900659,OI8232,O504384,2024-07-04,1,Damaged,27.13,Refunded
R900660,OI8273,O504409,2025-05-28,1,Changed Mind,124.21,Refunded
R900661,OI8314,O504435,2025-07-25,1,Changed Mind,44.47,Refunded
R900662,OI8320,O504437,2024-02-15,1,Changed Mind,201.94,Refunded
R900663,OI8328,O504441,2025-05-10,1,Late Delivery,27.77,Refunded
R900664,OI8336,O504445,2024-11-08,1,Wrong Size,123.8,Refunded
R900665,OI8353,O504457,2024-02-16,1,Damaged,37.89,Refunded
R900666,OI8356,O504459,2024-09-16,1,Wrong Size,38.21,Refunded
R900667,OI8366,O504463,2024-07-20,1,Not as Described,36.56,Refunded
R900668,OI8369,O504465,2024-10-23,1,Damaged,25.08,Refunded
R900669,OI8392,O504476,2025-04-26,1,Not as Described,128.04,Refunded
R900670,OI8418,O504489,2025-02-25,1,Damaged,88.02,Refunded
R900671,OI8424,O504493,2024-09-09,1,Not as Described,34.41,Refunded
R900672,OI8446,O504508,2025-05-11,1,Damaged,101.67,Refunded
R900673,OI8461,O504516,2024-05-09,1,Not as Described,73.09,Refunded
R900674,OI8475,O504523,2025-02-16,1,Late Delivery,18.76,Refunded
R900675,OI8489,O504531,2024-12-29,1,Changed Mind,31.5,Refunded
R900676,OI8507,O504540,2025-06-08,1,Wrong Size,100.16,Refunded
R900677,OI8518,O504547,2025-04-28,1,Not as Described,99.76,Refunded
R900678,OI8525,O504551,2024-05-26,1,Changed Mind,36.36,Refunded
R900679,OI8533,O504556,2024-04-09,1,Wrong Size,136.61,Refunded
R900680,OI8539,O504559,2025-01-06,1,Late Delivery,31.42,Refunded
R900681,OI8565,O504573,2025-02-11,1,Wrong Size,129.52,Refunded
R900682,OI8585,O504581,2024-11-20,1,Wrong Size,133.11,Refunded
R900683,OI8594,O504585,2024-04-29,1,Wrong Size,58.37,Refunded
R900684,OI8600,O504589,2024-05-08,1,Changed Mind,79.98,Refunded
R900685,OI8639,O504607,2024-04-29,1,Wrong Size,78.95,Refunded
R900686,OI8658,O504616,2025-07-19,1,Changed Mind,30.26,Refunded
R900687,OI8659,O504616,2025-06-26,1,Not as Described,28.03,Refunded
R900688,OI8686,O504631,2025-02-11,1,Changed Mind,97.28,Refunded
R900689,OI8702,O504638,2024-11-01,1,Changed Mind,39.49,Refunded
R900690,OI8735,O504657,2024-06-06,1,Wrong Size,24.88,Refunded
R900691,OI8741,O504660,2024-04-04,1,Changed Mind,62.7,Refunded
R900692,OI8744,O504662,2024-10-12,1,Not as Described,39.39,Refunded
R900693,OI8778,O504682,2025-03-15,1,Not as Described,18.71,Refunded
R900694,OI8796,O504690,2024-04-21,1,Not as Described,47.51,Refunded
R900695,OI8797,O504691,2024-05-19,1,Defective,80.59,Refunded
R900696,OI8803,O504695,2024-06-24,1,Changed Mind,162.24,Refunded
R900697,OI8806,O504697,2024-11-14,1,Not as Described,109.75,Refunded
R900698,OI8828,O504708,2024-05-03,1,Defective,37.2,Refunded
R900699,OI8852,O504722,2024-11-30,1,Damaged,57.1,Refunded
R900700,OI8877,O504737,2024-04-14,1,Defective,119.54,Refunded
R900701,OI8884,O504741,2024-12-15,1,Changed Mind,134.4,Refunded
R900702,OI8887,O504742,2025-01-01,1,Not as Described,76.15,Refunded
R900703,OI8942,O504770,2024-11-25,1,Not as Described,137.25,Refunded
R900704,OI8949,O504773,2025-07-10,3,Changed Mind,384.69,Refunded
R900705,OI8968,O504784,2024-10-27,1,Wrong Size,74.01,Refunded
R900706,OI8969,O504784,2024-11-21,1,Changed Mind,36.0,Refunded
R900707,OI8972,O504786,2024-12-17,1,Defective,62.02,Refunded
R900708,OI8992,O504798,2025-06-11,1,Defective,59.13,Refunded
R900709,OI8993,O504798,2025-06-13,1,Changed Mind,32.71,Refunded
R900710,OI9007,O504808,2025-01-31,1,Defective,38.01,Refunded
R900711,OI9034,O504822,2024-10-25,1,Damaged,28.03,Refunded
R900712,OI9035,O504823,2025-01-08,1,Changed Mind,72.63,Refunded
R900713,OI9038,O504824,2025-01-31,1,Changed Mind,100.04,Refunded
R900714,OI9042,O504825,2024-03-29,1,Defective,123.6,Refunded
R900715,OI9046,O504827,2024-09-07,1,Changed Mind,30.92,Refunded
R900716,OI9051,O504830,2025-01-26,1,Defective,22.06,Refunded
R900717,OI9082,O504850,2024-07-01,1,Wrong Size,136.6,Refunded
R900718,OI9095,O504859,2025-02-22,1,Not as Described,40.23,Refunded
R900719,OI9119,O504872,2024-12-08,1,Defective,106.59,Refunded
R900720,OI9169,O504898,2024-09-12,1,Changed Mind,54.5,Refunded
R900721,OI9171,O504900,2025-01-08,1,Changed Mind,45.22,Refunded
R900722,OI9196,O504914,2024-04-08,1,Wrong Size,163.83,Refunded
R900723,OI9210,O504921,2024-11-15,1,Wrong Size,43.23,Refunded
R900724,OI9218,O504925,2024-03-11,1,Defective,35.11,Refunded
R900725,OI9219,O504925,2024-03-13,1,Late Delivery,88.1,Refunded
R900726,OI9238,O504934,2025-02-01,1,Not as Described,154.32,Refunded
R900727,OI9247,O504938,2024-08-14,1,Changed Mind,69.4,Refunded
R900728,OI9256,O504942,2025-01-25,1,Not as Described,86.35,Refunded
R900729,OI9262,O504946,2025-06-05,1,Changed Mind,42.95,Refunded
R900730,OI9285,O504959,2025-06-09,1,Changed Mind,17.23,Refunded
R900731,OI9291,O504963,2024-12-23,2,Changed Mind,202.06,Refunded
R900732,OI9292,O504963,2025-01-19,1,Not as Described,30.97,Refunded
R900733,OI9373,O505009,2024-11-16,1,Not as Described,81.28,Refunded
R900734,OI9385,O505015,2025-07-29,1,Changed Mind,84.92,Refunded
R900735,OI9399,O505024,2024-03-25,1,Wrong Size,34.81,Refunded
R900736,OI9404,O505027,2024-06-20,1,Not as Described,58.1,Refunded
R900737,OI9411,O505033,2025-06-06,1,Changed Mind,30.06,Refunded
R900738,OI9417,O505038,2024-01-28,1,Wrong Size,18.93,Refunded
R900739,OI9419,O505039,2024-02-24,1,Wrong Size,30.69,Refunded
R900740,OI9431,O505047,2025-06-02,1,Defective,131.24,Refunded
R900741,OI9435,O505049,2024-03-22,1,Wrong Size,70.9,Refunded
R900742,OI9439,O505050,2024-08-25,1,Changed Mind,17.59,Refunded
R900743,OI9450,O505056,2025-01-21,1,Changed Mind,101.18,Refunded
R900744,OI9451,O505056,2025-01-16,1,Defective,73.5,Refunded
R900745,OI9456,O505059,2024-08-22,1,Changed Mind,31.04,Refunded
R900746,OI9500,O505083,2025-07-28,1,Late Delivery,97.05,Refunded
R900747,OI9523,O505095,2025-02-21,1,Wrong Size,75.06,Refunded
R900748,OI9533,O505099,2024-05-05,1,Changed Mind,22.41,Refunded
R900749,OI9560,O505113,2025-03-28,1,Damaged,17.05,Refunded
R900750,OI9585,O505128,2024-10-01,1,Late Delivery,28.87,Refunded
R900751,OI9600,O505134,2024-10-05,1,Changed Mind,59.48,Refunded
R900752,OI9610,O505140,2024-12-03,1,Wrong Size,34.48,Refunded
R900753,OI9615,O505143,2025-04-22,1,Damaged,56.33,Refunded
R900754,OI9622,O505146,2024-11-26,1,Defective,32.81,Refunded
R900755,OI9625,O505148,2025-03-23,3,Not as Described,77.17,Refunded
R900756,OI9629,O505151,2024-04-22,1,Not as Described,27.92,Refunded
R900757,OI9654,O505164,2025-03-05,2,Defective,141.94,Refunded
R900758,OI9666,O505170,2024-10-31,1,Defective,29.2,Refunded
R900759,OI9676,O505178,2025-03-05,1,Damaged,38.33,Refunded
R900760,OI9701,O505191,2024-06-23,1,Defective,121.8,Refunded
R900761,OI9706,O505195,2025-02-10,1,Not as Described,86.38,Refunded
R900762,OI9738,O505209,2024-12-13,1,Changed Mind,104.71,Refunded
R900763,OI9751,O505218,2024-12-07,1,Changed Mind,34.46,Refunded
R900764,OI9762,O505225,2025-05-15,1,Changed Mind,36.35,Refunded
R900765,OI9764,O505226,2025-07-15,1,Not as Described,97.08,Refunded
R900766,OI9768,O505227,2025-01-18,1,Damaged,87.6,Refunded
R900767,OI9776,O505230,2024-09-11,1,Damaged,66.65,Refunded
R900768,OI9802,O505245,2025-05-03,1,Defective,58.65,Refunded
R900769,OI9808,O505248,2024-04-20,1,Not as Described,22.49,Refunded
R900770,OI9816,O505252,2024-10-31,1,Wrong Size,122.64,Refunded
R900771,OI9832,O505260,2025-05-25,1,Late Delivery,79.9,Refunded
R900772,OI9840,O505264,2024-10-03,1,Wrong Size,16.9,Refunded
R900773,OI9851,O505272,2025-06-29,1,Damaged,44.57,Refunded
R900774,OI9874,O505285,2025-02-14,1,Changed Mind,41.59,Refunded
R900775,OI9902,O505302,2024-03-05,1,Damaged,30.9,Refunded
R900776,OI9919,O505313,2024-11-06,1,Damaged,79.29,Refunded
R900777,OI9938,O505321,2024-01-24,1,Wrong Size,23.13,Refunded
R900778,OI9944,O505325,2024-08-29,1,Wrong Size,99.87,Refunded
R900779,OI9949,O505327,2025-01-15,1,Damaged,31.78,Refunded
R900780,OI9957,O505332,2024-12-24,1,Late Delivery,74.05,Refunded
R900781,OI9979,O505342,2024-10-06,1,Defective,35.83,Refunded
R900782,OI9988,O505347,2024-04-17,1,Changed Mind,78.22,Refunded
R900783,OI9996,O505352,2024-02-06,1,Damaged,97.58,Refunded
R900784,OI10007,O505357,2025-02-20,1,Changed Mind,104.93,Refunded
R900785,OI10009,O505358,2025-06-12,2,Late Delivery,150.97,Refunded
R900786,OI10018,O505364,2025-07-07,1,Wrong Size,17.06,Refunded
R900787,OI10045,O505378,2025-01-24,1,Changed Mind,38.01,Refunded
R900788,OI10048,O505379,2025-05-03,1,Damaged,77.6,Refunded
R900789,OI10051,O505380,2024-09-05,1,Changed Mind,28.81,Refunded
R900790,OI10055,O505382,2025-04-18,1,Late Delivery,60.61,Refunded
R900791,OI10057,O505384,2025-02-28,1,Changed Mind,61.95,Refunded
R900792,OI10063,O505387,2024-07-12,1,Wrong Size,18.48,Refunded
R900793,OI10066,O505390,2024-06-03,1,Not as Described,86.2,Refunded
R900794,OI10077,O505394,2025-04-15,1,Not as Described,85.15,Refunded
R900795,OI10082,O505398,2025-06-01,1,Not as Described,38.6,Refunded
R900796,OI10116,O505419,2025-04-29,1,Not as Described,30.1,Refunded
R900797,OI10118,O505420,2025-06-07,1,Defective,164.98,Refunded
R900798,OI10127,O505426,2025-01-02,1,Damaged,24.92,Refunded
R900799,OI10134,O505430,2024-06-14,1,Not as Described,97.15,Refunded
R900800,OI10155,O505440,2025-04-11,1,Wrong Size,147.41,Refunded
R900801,OI10157,O505441,2024-07-18,1,Defective,83.92,Refunded
R900802,OI10161,O505443,2025-05-23,1,Wrong Size,85.87,Refunded
R900803,OI10166,O505445,2025-02-25,1,Changed Mind,34.42,Refunded
R900804,OI10168,O505446,2024-03-21,1,Not as Described,116.37,Refunded
R900805,OI10178,O505454,2025-07-20,1,Changed Mind,39.2,Refunded
R900806,OI10180,O505455,2025-07-06,1,Not as Described,59.05,Refunded
R900807,OI10185,O505458,2024-06-13,1,Not as Described,29.73,Refunded
R900808,OI10186,O505459,2024-08-05,1,Changed Mind,37.41,Refunded
R900809,OI10206,O505466,2024-11-23,1,Not as Described,112.06,Refunded
R900810,OI10234,O505480,2025-02-26,1,Defective,149.94,Refunded
R900811,OI10238,O505482,2024-07-17,1,Wrong Size,18.38,Refunded
R900812,OI10277,O505506,2024-11-01,1,Changed Mind,23.75,Refunded
R900813,OI10282,O505510,2025-06-20,1,Defective,92.64,Refunded
R900814,OI10284,O505511,2024-10-17,1,Changed Mind,32.36,Refunded
R900815,OI10289,O505513,2025-01-22,1,Damaged,143.54,Refunded
R900816,OI10299,O505516,2025-06-15,1,Changed Mind,113.33,Refunded
R900817,OI10302,O505517,2024-03-06,1,Changed Mind,37.66,Refunded
R900818,OI10311,O505522,2024-07-28,1,Defective,59.12,Refunded
R900819,OI10341,O505539,2024-03-29,1,Changed Mind,18.75,Refunded
R900820,OI10351,O505545,2025-02-16,1,Late Delivery,53.54,Refunded
R900821,OI10357,O505548,2025-06-05,1,Not as Described,142.54,Refunded
R900822,OI10398,O505568,2025-03-05,1,Changed Mind,29.39,Refunded
R900823,OI10411,O505576,2024-02-21,1,Wrong Size,21.47,Refunded
R900824,OI10418,O505579,2024-03-12,1,Not as Described,81.84,Refunded
R900825,OI10440,O505592,2025-01-17,1,Changed Mind,28.49,Refunded
R900826,OI10454,O505600,2025-05-10,1,Damaged,94.32,Refunded
R900827,OI10463,O505604,2024-10-23,1,Changed Mind,109.68,Refunded
R900828,OI10464,O505604,2024-10-10,1,Damaged,78.89,Refunded
R900829,OI10472,O505609,2024-11-27,1,Changed Mind,100.84,Refunded
R900830,OI10539,O505645,2024-08-20,1,Changed Mind,42.52,Refunded
R900831,OI10554,O505654,2024-12-04,1,Defective,74.22,Refunded
R900832,OI10570,O505664,2025-03-03,1,Damaged,97.43,Refunded
R900833,OI10583,O505671,2024-08-25,1,Not as Described,100.83,Refunded
R900834,OI10606,O505683,2024-11-22,1,Changed Mind,21.4,Refunded
R900835,OI10614,O505688,2025-03-03,1,Wrong Size,113.23,Refunded
R900836,OI10618,O505690,2025-02-26,1,Defective,122.7,Refunded
R900837,OI10669,O505721,2024-08-26,1,Not as Described,55.54,Refunded
R900838,OI10694,O505737,2025-05-11,1,Wrong Size,36.31,Refunded
R900839,OI10778,O505774,2025-03-20,1,Not as Described,29.54,Refunded
R900840,OI10810,O505793,2025-05-11,1,Changed Mind,40.98,Refunded
R900841,OI10825,O505801,2024-09-22,1,Not as Described,142.1,Refunded
R900842,OI10839,O505806,2025-06-11,1,Damaged,82.68,Refunded
R900843,OI10846,O505811,2024-12-21,1,Damaged,18.9,Refunded
R900844,OI10851,O505816,2025-07-21,2,Not as Described,49.73,Refunded
R900845,OI10858,O505819,2024-04-03,1,Defective,84.43,Refunded
R900846,OI10877,O505833,2024-12-30,1,Changed Mind,60.58,Refunded
R900847,OI10878,O505834,2025-07-16,2,Wrong Size,292.86,Refunded
R900848,OI10894,O505843,2025-06-11,1,Defective,89.02,Refunded
R900849,OI10902,O505847,2025-03-12,1,Defective,95.41,Refunded
R900850,OI10912,O505851,2025-03-03,2,Wrong Size,34.24,Refunded
R900851,OI10947,O505872,2024-12-27,1,Damaged,35.02,Refunded
R900852,OI10953,O505876,2025-05-10,1,Damaged,37.81,Refunded
R900853,OI10955,O505877,2024-08-03,1,Wrong Size,141.74,Refunded
R900854,OI10980,O505889,2025-07-10,1,Wrong Size,74.31,Refunded
R900855,OI11006,O505902,2025-06-08,1,Changed Mind,84.26,Refunded
R900856,OI11035,O505917,2025-06-19,1,Changed Mind,33.04,Refunded
R900857,OI11041,O505920,2025-06-14,1,Damaged,131.03,Refunded
R900858,OI11051,O505924,2024-08-27,1,Changed Mind,106.75,Refunded
R900859,OI11078,O505943,2024-07-01,1,Defective,25.93,Refunded
R900860,OI11089,O505951,2024-02-02,1,Not as Described,65.82,Refunded
R900861,OI11138,O505982,2025-05-22,1,Damaged,38.27,Refunded
R900862,OI11154,O505990,2024-11-19,1,Damaged,33.96,Refunded
R900863,OI11167,O505999,2025-06-07,3,Wrong Size,167.86,Refunded
R900864,OI11170,O506001,2024-03-08,1,Wrong Size,78.67,Refunded
R900865,OI11207,O506020,2025-01-03,1,Defective,31.67,Refunded
R900866,OI11208,O506020,2024-12-27,1,Damaged,133.57,Refunded
R900867,OI11215,O506022,2024-03-03,1,Defective,68.91,Refunded
R900868,OI11292,O506067,2024-04-29,1,Changed Mind,23.48,Refunded
R900869,OI11300,O506070,2024-09-13,1,Defective,97.86,Refunded
R900870,OI11329,O506085,2025-03-27,1,Not as Described,42.32,Refunded
R900871,OI11338,O506089,2024-12-16,1,Defective,19.48,Refunded
R900872,OI11344,O506092,2024-07-18,1,Changed Mind,15.82,Refunded
R900873,OI11358,O506101,2024-12-25,1,Defective,72.48,Refunded
R900874,OI11364,O506105,2024-08-13,1,Wrong Size,36.39,Refunded
R900875,OI11368,O506106,2024-09-30,1,Not as Described,32.88,Refunded
R900876,OI11378,O506110,2024-10-14,1,Not as Described,62.36,Refunded
R900877,OI11380,O506112,2025-04-10,1,Wrong Size,35.98,Refunded
R900878,OI11467,O506159,2025-03-18,1,Changed Mind,44.29,Refunded
R900879,OI11470,O506160,2025-05-18,1,Damaged,72.97,Refunded
R900880,OI11477,O506166,2024-11-29,1,Not as Described,35.12,Refunded
R900881,OI11483,O506169,2025-07-04,1,Not as Described,36.41,Refunded
R900882,OI11487,O506172,2024-10-09,2,Not as Described,354.82,Refunded
R900883,OI11510,O506182,2025-05-14,1,Wrong Size,32.14,Refunded
R900884,OI11522,O506189,2025-01-10,1,Changed Mind,28.8,Refunded
R900885,OI11581,O506220,2025-04-23,1,Damaged,114.61,Refunded
R900886,OI11592,O506226,2024-11-15,1,Not as Described,28.85,Refunded
R900887,OI11601,O506232,2024-11-23,1,Changed Mind,130.92,Refunded
R900888,OI11614,O506241,2025-03-07,1,Wrong Size,26.08,Refunded
R900889,OI11643,O506259,2025-01-09,1,Not as Described,78.42,Refunded
R900890,OI11644,O506260,2024-03-02,1,Changed Mind,112.53,Refunded
R900891,OI11659,O506267,2025-04-27,1,Defective,36.11,Refunded
R900892,OI11662,O506269,2024-04-03,1,Late Delivery,144.28,Refunded
R900893,OI11673,O506276,2024-12-19,1,Damaged,86.1,Refunded
R900894,OI11691,O506286,2024-10-01,1,Not as Described,105.9,Refunded
R900895,OI11697,O506290,2025-04-21,1,Wrong Size,39.8,Refunded
R900896,OI11714,O506303,2024-08-02,1,Changed Mind,101.11,Refunded
R900897,OI11717,O506305,2024-10-19,1,Changed Mind,113.88,Refunded
R900898,OI11738,O506318,2025-03-03,1,Wrong Size,69.18,Refunded
R900899,OI11791,O506351,2024-04-20,1,Changed Mind,33.07,Refunded
R900900,OI11808,O506359,2024-11-01,1,Damaged,30.62,Refunded
R900901,OI11812,O506360,2025-04-14,1,Changed Mind,24.36,Refunded
R900902,OI11832,O506371,2024-07-21,1,Defective,38.54,Refunded
R900903,OI11837,O506374,2024-11-15,1,Damaged,74.65,Refunded
R900904,OI11879,O506395,2025-06-07,1,Wrong Size,73.73,Refunded
R900905,OI11897,O506408,2024-09-20,1,Not as Described,96.83,Refunded
R900906,OI11900,O506409,2024-09-16,1,Changed Mind,132.22,Refunded
R900907,OI11908,O506413,2025-04-26,1,Not as Described,21.38,Refunded
R900908,OI11912,O506415,2025-06-19,1,Defective,137.46,Refunded
R900909,OI11926,O506423,2025-06-08,1,Defective,110.52,Refunded
R900910,OI11944,O506433,2024-04-05,1,Changed Mind,160.15,Refunded
R900911,OI11948,O506436,2025-03-17,1,Changed Mind,41.75,Refunded
R900912,OI11950,O506437,2025-06-15,1,Late Delivery,68.46,Refunded
R900913,OI11955,O506441,2024-11-19,1,Changed Mind,26.23,Refunded
R900914,OI11990,O506456,2024-12-20,2,Wrong Size,251.64,Refunded
R900915,OI11993,O506457,2025-01-08,1,Damaged,53.44,Refunded
R900916,OI12015,O506469,2024-10-02,1,Defective,49.33,Refunded
R900917,OI12028,O506477,2024-08-25,1,Not as Described,106.16,Refunded
R900918,OI12039,O506486,2024-10-07,1,Late Delivery,39.05,Refunded
R900919,OI12046,O506492,2025-05-12,1,Damaged,29.65,Refunded
R900920,OI12054,O506495,2025-05-01,1,Damaged,31.49,Refunded
R900921,OI12068,O506503,2024-04-18,1,Changed Mind,65.53,Refunded
R900922,OI12091,O506516,2024-05-13,1,Defective,29.44,Refunded
R900923,OI12097,O506519,2024-12-27,1,Wrong Size,26.44,Refunded
R900924,OI12103,O506523,2024-05-07,1,Damaged,64.21,Refunded
R900925,OI12108,O506527,2025-03-20,1,Defective,68.73,Refunded
R900926,OI12110,O506528,2024-05-04,1,Wrong Size,101.98,Refunded
R900927,OI12122,O506534,2025-06-03,1,Not as Described,85.96,Refunded
R900928,OI12130,O506539,2024-05-21,1,Defective,141.31,Refunded
R900929,OI12135,O506542,2025-06-16,1,Wrong Size,28.9,Refunded
R900930,OI12148,O506551,2025-01-29,1,Not as Described,39.48,Refunded
R900931,OI12162,O506559,2024-11-19,1,Not as Described,124.67,Refunded
R900932,OI12165,O506560,2025-07-27,1,Late Delivery,22.73,Refunded
R900933,OI12168,O506562,2024-02-08,1,Not as Described,87.59,Refunded
R900934,OI12175,O506566,2025-02-04,1,Wrong Size,44.57,Refunded
R900935,OI12193,O506575,2024-07-09,1,Wrong Size,141.26,Refunded
R900936,OI12200,O506579,2024-03-08,1,Not as Described,73.15,Refunded
R900937,OI12218,O506587,2025-05-22,1,Wrong Size,15.02,Refunded
R900938,OI12219,O506588,2025-06-27,1,Late Delivery,39.16,Refunded
R900939,OI12225,O506592,2025-05-21,1,Damaged,38.47,Refunded
R900940,OI12269,O506614,2024-12-20,1,Changed Mind,53.97,Refunded
R900941,OI12280,O506618,2025-07-31,2,Changed Mind,36.07,Refunded
R900942,OI12282,O506619,2025-07-05,1,Defective,60.17,Refunded
R900943,OI12291,O506625,2025-01-23,1,Defective,120.5,Refunded
R900944,OI12305,O506633,2024-10-10,1,Defective,103.41,Refunded
R900945,OI12310,O506634,2025-04-26,1,Wrong Size,19.58,Refunded
R900946,OI12311,O506634,2025-04-14,1,Not as Described,37.41,Refunded
R900947,OI12322,O506640,2025-07-26,1,Not as Described,71.02,Refunded
R900948,OI12357,O506658,2024-12-17,1,Defective,40.28,Refunded
R900949,OI12388,O506674,2024-12-08,1,Wrong Size,15.65,Refunded
R900950,OI12394,O506677,2024-10-17,1,Defective,33.96,Refunded
R900951,OI12396,O506677,2024-10-28,1,Not as Described,30.45,Refunded
R900952,OI12406,O506681,2024-09-11,1,Wrong Size,138.91,Refunded
R900953,OI12412,O506683,2024-09-09,1,Not as Described,38.99,Refunded
R900954,OI12416,O506686,2024-12-27,1,Changed Mind,74.2,Refunded
R900955,OI12431,O506696,2024-05-20,1,Wrong Size,17.63,Refunded
R900956,OI12438,O506699,2024-09-10,1,Changed Mind,53.72,Refunded
R900957,OI12444,O506704,2024-05-27,1,Wrong Size,44.8,Refunded
R900958,OI12457,O506711,2024-11-03,1,Defective,137.66,Refunded
R900959,OI12480,O506723,2024-12-14,2,Not as Described,34.74,Refunded
R900960,OI12483,O506725,2024-12-17,1,Wrong Size,42.19,Refunded
R900961,OI12486,O506726,2024-02-25,1,Changed Mind,18.9,Refunded
R900962,OI12513,O506741,2025-01-24,1,Defective,37.59,Refunded
R900963,OI12514,O506742,2024-12-23,1,Wrong Size,125.36,Refunded
R900964,OI12537,O506753,2024-10-30,1,Changed Mind,32.85,Refunded
R900965,OI12540,O506754,2025-03-04,1,Changed Mind,28.47,Refunded
R900966,OI12543,O506755,2025-06-13,1,Changed Mind,47.21,Refunded
R900967,OI12545,O506757,2025-03-31,1,Damaged,35.36,Refunded
R900968,OI12550,O506760,2025-06-05,1,Not as Described,134.88,Refunded
R900969,OI12562,O506766,2024-04-15,1,Wrong Size,34.41,Refunded
R900970,OI12574,O506770,2024-10-22,1,Not as Described,28.35,Refunded
R900971,OI12584,O506774,2024-08-04,1,Changed Mind,18.73,Refunded
R900972,OI12585,O506775,2024-08-28,1,Wrong Size,18.82,Refunded
R900973,OI12609,O506787,2024-01-20,1,Wrong Size,65.12,Refunded
R900974,OI12626,O506799,2024-07-17,1,Defective,141.46,Refunded
R900975,OI12633,O506801,2024-11-22,1,Defective,135.31,Refunded
R900976,OI12639,O506805,2024-08-31,1,Changed Mind,19.62,Refunded
R900977,OI12645,O506808,2025-06-17,1,Wrong Size,152.33,Refunded
R900978,OI12672,O506823,2024-10-06,1,Changed Mind,59.42,Refunded
R900979,OI12678,O506826,2024-06-03,1,Not as Described,62.19,Refunded
R900980,OI12706,O506838,2025-07-10,1,Not as Described,86.06,Refunded
R900981,OI12722,O506846,2024-07-07,1,Defective,44.67,Refunded
R900982,OI12739,O506854,2025-04-26,1,Wrong Size,19.18,Refunded
R900983,OI12768,O506870,2024-03-05,1,Changed Mind,103.78,Refunded
R900984,OI12782,O506877,2024-03-04,2,Late Delivery,166.0,Refunded
R900985,OI12790,O506881,2024-09-12,1,Wrong Size,121.81,Refunded
R900986,OI12801,O506888,2024-12-25,1,Not as Described,31.88,Refunded
R900987,OI12815,O506895,2025-05-24,1,Damaged,129.92,Refunded
R900988,OI12824,O506900,2024-09-22,1,Changed Mind,82.64,Refunded
R900989,OI12832,O506906,2025-05-22,1,Not as Described,39.93,Refunded
R900990,OI12833,O506907,2025-05-29,1,Not as Described,28.28,Refunded
R900991,OI12852,O506917,2025-01-23,1,Wrong Size,37.29,Refunded
R900992,OI12868,O506927,2025-06-20,1,Defective,34.25,Refunded
R900993,OI12871,O506929,2024-08-14,1,Not as Described,26.33,Refunded
R900994,OI12879,O506933,2025-02-23,1,Not as Described,75.4,Refunded
R900995,OI12901,O506946,2025-01-26,1,Damaged,124.8,Refunded
R900996,OI12902,O506947,2025-03-15,1,Changed Mind,96.39,Refunded
R900997,OI12909,O506949,2024-08-16,1,Wrong Size,37.05,Refunded
R900998,OI12912,O506950,2024-09-15,1,Wrong Size,53.55,Refunded
R900999,OI12930,O506962,2025-04-29,1,Wrong Size,37.46,Refunded
R901000,OI12942,O506969,2024-09-24,1,Damaged,60.92,Refunded
R901001,OI12948,O506972,2024-10-08,1,Late Delivery,127.48,Refunded
R901002,OI12959,O506982,2025-03-02,1,Late Delivery,96.12,Refunded
R901003,OI12995,O507000,2024-07-16,1,Damaged,20.06,Refunded
R901004,OI12998,O507001,2024-06-28,1,Defective,150.8,Refunded
R901005,OI13030,O507020,2024-03-05,1,Damaged,123.07,Refunded
R901006,OI13040,O507026,2025-03-09,1,Defective,130.38,Refunded
R901007,OI13050,O507032,2024-12-16,1,Wrong Size,130.67,Refunded
R901008,OI13052,O507034,2025-01-30,1,Not as Described,37.57,Refunded
R901009,OI13066,O507040,2024-12-30,1,Defective,28.78,Refunded
R901010,OI13084,O507050,2025-07-03,1,Late Delivery,31.71,Refunded
R901011,OI13086,O507050,2025-07-01,1,Not as Described,132.3,Refunded
R901012,OI13088,O507052,2024-10-20,1,Wrong Size,43.1,Refunded
R901013,OI13096,O507056,2025-06-14,1,Changed Mind,68.32,Refunded
R901014,OI13107,O507061,2025-02-15,1,Not as Described,86.59,Refunded
R901015,OI13109,O507062,2025-06-05,2,Late Delivery,231.6,Refunded
R901016,OI13112,O507064,2025-01-14,1,Late Delivery,116.75,Refunded
R901017,OI13128,O507072,2024-12-14,1,Defective,31.37,Refunded
R901018,OI13146,O507081,2024-05-04,1,Late Delivery,41.88,Refunded
R901019,OI13165,O507093,2024-05-17,1,Not as Described,90.51,Refunded
R901020,OI13169,O507094,2024-05-12,1,Defective,39.82,Refunded
R901021,OI13170,O507095,2024-12-21,1,Wrong Size,52.84,Refunded
R901022,OI13201,O507112,2024-08-26,2,Defective,62.42,Refunded
R901023,OI13247,O507137,2024-07-14,1,Changed Mind,138.78,Refunded
R901024,OI13256,O507141,2025-08-02,1,Not as Described,33.96,Refunded
R901025,OI13258,O507142,2024-03-01,1,Damaged,17.61,Refunded
R901026,OI13259,O507143,2024-04-28,1,Wrong Size,129.59,Refunded
R901027,OI13274,O507151,2025-05-17,1,Not as Described,75.07,Refunded
R901028,OI13286,O507159,2024-09-23,1,Wrong Size,34.11,Refunded
R901029,OI13292,O507161,2025-01-13,2,Late Delivery,75.56,Refunded
R901030,OI13296,O507163,2024-12-20,1,Defective,98.27,Refunded
R901031,OI13298,O507164,2024-04-28,1,Not as Described,44.26,Refunded
R901032,OI13299,O507165,2024-05-30,1,Damaged,55.8,Refunded
R901033,OI13326,O507176,2024-09-25,1,Wrong Size,125.27,Refunded
R901034,OI13328,O507177,2024-11-08,1,Damaged,30.92,Refunded
R901035,OI13343,O507186,2025-05-29,1,Changed Mind,41.51,Refunded
R901036,OI13345,O507187,2024-12-17,1,Not as Described,18.68,Refunded
R901037,OI13362,O507197,2024-06-13,1,Defective,115.26,Refunded
R901038,OI13388,O507215,2025-01-29,1,Changed Mind,55.54,Refunded
R901039,OI13394,O507218,2024-12-16,1,Defective,158.67,Refunded
R901040,OI13405,O507228,2024-11-27,1,Changed Mind,39.45,Refunded
R901041,OI13409,O507229,2025-06-08,1,Changed Mind,29.63,Refunded
R901042,OI13412,O507231,2025-05-31,1,Wrong Size,87.13,Refunded
R901043,OI13418,O507235,2024-12-11,1,Wrong Size,23.01,Refunded
R901044,OI13426,O507240,2024-03-04,1,Changed Mind,123.33,Refunded
R901045,OI13454,O507253,2024-03-17,1,Changed Mind,58.73,Refunded
R901046,OI13465,O507258,2025-01-07,1,Not as Described,61.05,Refunded
R901047,OI13467,O507260,2025-05-04,1,Defective,82.18,Refunded
R901048,OI13487,O507270,2024-09-01,1,Damaged,129.27,Refunded
R901049,OI13508,O507280,2025-02-16,1,Changed Mind,38.92,Refunded
R901050,OI13553,O507304,2024-09-05,1,Late Delivery,52.18,Refunded
R901051,OI13554,O507305,2024-09-12,1,Changed Mind,17.07,Refunded
R901052,OI13564,O507313,2024-07-03,1,Not as Described,102.47,Refunded
R901053,OI13569,O507315,2025-05-22,1,Changed Mind,113.3,Refunded
R901054,OI13575,O507318,2024-07-28,1,Damaged,31.74,Refunded
R901055,OI13590,O507327,2024-02-24,1,Damaged,81.87,Refunded
R901056,OI13592,O507329,2025-02-16,1,Late Delivery,130.16,Refunded
R901057,OI13593,O507329,2025-01-28,1,Not as Described,34.4,Refunded
R901058,OI13594,O507329,2025-02-24,1,Wrong Size,16.92,Refunded
R901059,OI13596,O507331,2025-08-12,1,Late Delivery,55.25,Refunded
R901060,OI13612,O507339,2025-05-10,1,Wrong Size,78.87,Refunded
R901061,OI13630,O507346,2024-12-14,1,Not as Described,39.35,Refunded
R901062,OI13646,O507355,2024-04-02,1,Changed Mind,79.28,Refunded
R901063,OI13648,O507357,2024-06-05,1,Wrong Size,87.21,Refunded
R901064,OI13651,O507358,2024-08-08,1,Not as Described,82.14,Refunded
R901065,OI13665,O507364,2025-05-01,1,Wrong Size,74.08,Refunded
R901066,OI13668,O507366,2024-11-16,1,Changed Mind,32.32,Refunded
R901067,OI13698,O507381,2025-01-10,1,Wrong Size,99.18,Refunded
R901068,OI13711,O507387,2024-02-20,1,Damaged,20.46,Refunded
R901069,OI13716,O507389,2025-01-25,1,Changed Mind,138.97,Refunded
R901070,OI13723,O507393,2025-04-05,1,Changed Mind,75.52,Refunded
R901071,OI13742,O507406,2025-05-09,1,Late Delivery,31.87,Refunded
R901072,OI13749,O507410,2025-02-09,1,Changed Mind,75.01,Refunded
R901073,OI13766,O507419,2024-09-27,1,Wrong Size,20.87,Refunded
R901074,OI13769,O507421,2025-07-01,1,Not as Described,72.85,Refunded
R901075,OI13774,O507423,2024-10-11,1,Changed Mind,81.69,Refunded
R901076,OI13776,O507424,2025-01-06,1,Not as Described,131.0,Refunded
R901077,OI13794,O507434,2024-10-14,1,Damaged,150.08,Refunded
R901078,OI13797,O507436,2025-07-21,1,Changed Mind,108.37,Refunded
R901079,OI13798,O507437,2024-08-04,1,Changed Mind,28.96,Refunded
R901080,OI13806,O507442,2025-04-23,1,Defective,13.67,Refunded
R901081,OI13809,O507443,2024-10-05,1,Wrong Size,139.96,Refunded
R901082,OI13818,O507447,2025-07-10,1,Changed Mind,107.59,Refunded
R901083,OI13844,O507461,2024-10-08,1,Late Delivery,115.06,Refunded
R901084,OI13847,O507462,2024-12-25,1,Changed Mind,38.21,Refunded
R901085,OI13855,O507466,2024-07-02,1,Late Delivery,139.55,Refunded
R901086,OI13862,O507470,2025-01-14,1,Changed Mind,88.33,Refunded
R901087,OI13881,O507477,2024-06-18,1,Defective,55.36,Refunded
R901088,OI13891,O507481,2025-01-05,1,Wrong Size,34.1,Refunded
R901089,OI13904,O507489,2025-03-11,1,Wrong Size,128.43,Refunded
R901090,OI13910,O507494,2025-06-20,1,Late Delivery,89.57,Refunded
R901091,OI13919,O507499,2025-01-10,1,Changed Mind,76.91,Refunded
R901092,OI13937,O507509,2025-05-14,1,Damaged,20.66,Refunded
R901093,OI13940,O507512,2024-10-14,1,Wrong Size,82.77,Refunded
R901094,OI13971,O507527,2024-10-23,1,Wrong Size,37.21,Refunded
R901095,OI13976,O507530,2024-12-14,1,Wrong Size,121.58,Refunded
R901096,OI13986,O507534,2024-07-29,1,Not as Described,141.15,Refunded
R901097,OI13988,O507535,2024-08-18,1,Damaged,40.31,Refunded
R901098,OI14001,O507542,2025-07-02,1,Changed Mind,129.19,Refunded
R901099,OI14023,O507554,2025-07-09,1,Not as Described,57.44,Refunded
R901100,OI14037,O507562,2025-04-24,1,Wrong Size,101.64,Refunded
R901101,OI14039,O507564,2024-05-21,1,Wrong Size,39.14,Refunded
R901102,OI14042,O507565,2024-07-09,1,Wrong Size,79.99,Refunded
R901103,OI14058,O507574,2025-03-01,1,Changed Mind,78.31,Refunded
R901104,OI14065,O507580,2024-07-27,1,Wrong Size,151.33,Refunded
R901105,OI14074,O507585,2024-09-11,1,Not as Described,17.38,Refunded
R901106,OI14083,O507590,2024-12-19,1,Changed Mind,42.35,Refunded
R901107,OI14095,O507598,2024-02-26,1,Defective,69.55,Refunded
R901108,OI14144,O507630,2024-10-19,1,Damaged,36.13,Refunded
R901109,OI14151,O507635,2025-05-10,1,Not as Described,87.29,Refunded
R901110,OI14162,O507640,2024-04-08,1,Changed Mind,16.4,Refunded
R901111,OI14165,O507642,2025-01-16,1,Changed Mind,38.68,Refunded
R901112,OI14180,O507650,2025-04-07,1,Damaged,83.82,Refunded
R901113,OI14200,O507661,2025-04-24,1,Wrong Size,79.84,Refunded
R901114,OI14267,O507694,2025-01-17,1,Defective,60.97,Refunded
R901115,OI14289,O507707,2024-05-06,1,Not as Described,70.58,Refunded
R901116,OI14291,O507708,2024-07-20,1,Changed Mind,38.1,Refunded
R901117,OI14304,O507716,2024-06-01,2,Changed Mind,78.46,Refunded
R901118,OI14309,O507720,2024-10-06,1,Damaged,82.42,Refunded
R901119,OI14318,O507725,2025-06-13,1,Defective,80.16,Refunded
R901120,OI14322,O507727,2025-01-12,1,Not as Described,81.18,Refunded
R901121,OI14354,O507744,2024-05-20,2,Defective,93.19,Refunded
R901122,OI14389,O507765,2024-04-13,1,Wrong Size,117.63,Refunded
R901123,OI14393,O507766,2024-08-06,1,Not as Described,35.51,Refunded
R901124,OI14395,O507767,2025-02-08,1,Changed Mind,172.89,Refunded
R901125,OI14396,O507767,2025-02-08,1,Defective,38.23,Refunded
R901126,OI14407,O507773,2024-08-15,1,Changed Mind,132.77,Refunded
R901127,OI14424,O507781,2024-09-05,1,Defective,16.01,Refunded
R901128,OI14434,O507786,2024-09-10,1,Wrong Size,55.95,Refunded
R901129,OI14437,O507788,2025-03-01,1,Wrong Size,53.69,Refunded
R901130,OI14441,O507792,2024-09-03,1,Not as Described,113.9,Refunded
R901131,OI14456,O507800,2025-05-24,1,Defective,153.6,Refunded
R901132,OI14460,O507803,2025-04-23,1,Damaged,35.59,Refunded
R901133,OI14506,O507823,2024-12-27,1,Damaged,76.83,Refunded
R901134,OI14511,O507826,2025-08-13,1,Wrong Size,22.41,Refunded
R901135,OI14521,O507831,2024-08-28,1,Wrong Size,89.05,Refunded
R901136,OI14532,O507838,2025-06-23,1,Not as Described,124.98,Refunded
R901137,OI14537,O507840,2025-06-14,1,Changed Mind,72.22,Refunded
R901138,OI14554,O507845,2024-10-09,1,Defective,73.49,Refunded
R901139,OI14573,O507854,2024-08-04,1,Changed Mind,19.62,Refunded
R901140,OI14584,O507860,2025-07-28,1,Not as Described,152.5,Refunded
R901141,OI14629,O507883,2024-07-18,1,Not as Described,125.3,Refunded
R901142,OI14642,O507891,2024-02-23,1,Changed Mind,123.67,Refunded
R901143,OI14644,O507892,2025-05-01,1,Not as Described,40.14,Refunded
R901144,OI14658,O507899,2024-02-26,1,Wrong Size,14.31,Refunded
R901145,OI14678,O507907,2024-04-08,1,Defective,76.99,Refunded
R901146,OI14683,O507910,2025-01-14,1,Not as Described,36.03,Refunded
R901147,OI14700,O507920,2024-02-10,1,Not as Described,34.68,Refunded
R901148,OI14713,O507927,2025-04-27,2,Changed Mind,59.53,Refunded
R901149,OI14715,O507929,2025-01-04,1,Not as Described,69.64,Refunded
R901150,OI14725,O507935,2024-02-21,1,Damaged,72.07,Refunded
R901151,OI14738,O507941,2025-06-06,1,Not as Described,83.94,Refunded
R901152,OI14760,O507957,2024-07-22,1,Damaged,27.63,Refunded
R901153,OI14763,O507958,2024-09-06,1,Damaged,19.7,Refunded
R901154,OI14764,O507959,2024-09-16,2,Defective,178.98,Refunded
R901155,OI14773,O507963,2025-04-19,1,Changed Mind,21.25,Refunded
R901156,OI14786,O507970,2025-01-22,1,Changed Mind,29.16,Refunded
R901157,OI14800,O507977,2025-03-13,1,Changed Mind,40.0,Refunded
R901158,OI14801,O507978,2024-03-09,1,Wrong Size,78.25,Refunded
R901159,OI14815,O507985,2024-05-28,1,Changed Mind,21.64,Refunded
R901160,OI14821,O507988,2024-10-26,1,Changed Mind,64.53,Refunded
R901161,OI14853,O508005,2025-04-22,1,Damaged,33.16,Refunded
R901162,OI14858,O508008,2024-08-16,1,Not as Described,144.17,Refunded
R901163,OI14869,O508012,2024-02-07,1,Damaged,21.87,Refunded
R901164,OI14888,O508023,2024-08-04,1,Changed Mind,21.82,Refunded
R901165,OI14898,O508029,2024-04-05,1,Wrong Size,107.63,Refunded
R901166,OI14901,O508031,2024-08-20,1,Wrong Size,31.87,Refunded
R901167,OI14904,O508032,2024-10-04,1,Late Delivery,31.84,Refunded
R901168,OI14916,O508040,2025-04-16,1,Changed Mind,34.36,Refunded
R901169,OI14917,O508041,2024-10-12,1,Damaged,20.33,Refunded
R901170,OI14937,O508049,2024-09-08,1,Changed Mind,42.08,Refunded
R901171,OI14966,O508064,2025-01-13,1,Wrong Size,60.67,Refunded
R901172,OI14976,O508069,2025-02-23,1,Not as Described,29.18,Refunded
R901173,OI14994,O508079,2024-06-28,1,Wrong Size,55.51,Refunded
R901174,OI15045,O508106,2025-04-23,1,Damaged,18.13,Refunded
R901175,OI15055,O508112,2024-11-13,1,Late Delivery,36.79,Refunded
